availability,a,community,latitude,longitude,link,type,price,beds,sq_feet,baths,cats,dogs,utility_heat,utility_electricity,utility_water,utility_cable,utility_internet,available_month
Immediate,2000-01-01 00:00:00,South Calgary,51.0242067,-114.1137223,/ab/calgary/rentals/apartment/1-bedroom/south-calgary/pet-friendly/454527,Loft,2003,1,795,1.0,2,2,1,0,1,0,0,1.0
Immediate,2000-01-01 00:00:00,Sunalta,51.044356,-114.1052684,/ab/calgary/rentals/loft/3-bedrooms/sunalta/pet-friendly/473724,Loft,3400,3,2000,1.0,2,2,0,0,0,0,0,1.0
Immediate,2000-01-01 00:00:00,Beltline,51.0416453,-114.0690963,/ab/calgary/rentals/loft/2-bedrooms/beltline/pet-friendly/352269,Loft,3400,2,1100,2.0,2,2,1,0,1,1,1,1.0
Immediate,2000-01-01 00:00:00,Victoria Park,51.0425098,-114.0598679,/ab/calgary/rentals/loft/studio/victoria-park/pet-friendly/482839,Loft,2000,0,780,1.0,2,0,1,0,1,0,0,1.0
Immediate,2000-01-01 00:00:00,Victoria Park,51.042152,-114.055916,/ab/calgary/rentals/loft/1-bedroom/victoria-park/pet-friendly/396958,Loft,2500,1,1200,1.0,2,2,1,0,1,0,0,1.0
Immediate,2000-01-01 00:00:00,Glamorgan,51.014274,-114.162439,/ab/calgary/rentals/loft/1-bedroom/glamorgan/111706,Loft,1650,1,800,1.0,0,0,1,0,1,0,0,1.0
May 15,2022-05-15 00:00:00,Sunalta,51.0413163,-114.1007655,/ab/calgary/rentals/loft/2-bedrooms/sunalta/pet-friendly/436016,Loft,1850,2,1000,1.0,2,2,1,1,1,0,1,5.0
Jun 01,2022-06-01 00:00:00,Beltline,51.0427839,-114.0678235,/ab/calgary/rentals/loft/1-bedroom/beltline/pet-friendly/483085,Loft,2200,1,1048,1.0,2,2,1,0,1,0,0,6.0
Immediate,2000-01-01 00:00:00,Mckenzie Towne,50.9057628,-113.9607965,/ab/calgary/rentals/house/3-bedrooms/mckenzie-towne/484345,House,2700,3,1731,2.0,0,0,0,0,0,0,0,1
Immediate,2000-01-01 00:00:00,Tuxedo Park,51.0725919031,-114.076234230225,/ab/calgary/rentals/house/1-bedroom/tuxedo-park/462921,House,895,1,800,1.0,0,0,0,0,0,0,0,1
Immediate,2000-01-01 00:00:00,Harvest Hills,51.1537674,-114.0512254,/ab/calgary/rentals/house/3-bedrooms/harvest-hills/436214,House,2350,3,1800,2.0,0,0,0,0,0,0,0,1
Immediate,2000-01-01 00:00:00,Brentwood,51.0833071,-114.1234627,/ab/calgary/rentals/house/2-bedrooms/brentwood/483764,House,2250,2,3000,1.0,0,0,1,1,1,0,1,1
Immediate,2000-01-01 00:00:00,Edgemont,51.1316701,-114.1407624,/ab/calgary/rentals/house/4-bedrooms/edgemont/485196,House,2300,4,1914,2.0,0,0,0,0,0,0,0,1
Immediate,2000-01-01 00:00:00,Mayland Heights,51.0620537,-114.0158624,/ab/calgary/rentals/house/5-bedrooms/mayland-heights/485253,House,2500,5,1055,2.0,0,0,0,0,0,0,0,1
Immediate,2000-01-01 00:00:00,Mahogany,50.8969094,-113.9075628,/ab/calgary/rentals/house/4-bedrooms/mahogany/pet-friendly/483628,House,2600,4,2090,3.0,2,2,0,0,0,0,0,1
Immediate,2000-01-01 00:00:00,Silverado,50.883443,-114.0810335,/ab/calgary/rentals/house/3-bedrooms/silverado/381936,House,2485,3,2200,2.0,0,0,0,0,0,0,0,1
Immediate,2000-01-01 00:00:00,Deer Run,50.9236899,-114.0073884,/ab/calgary/rentals/house/3-bedrooms/deer-run/pet-friendly/485226,House,2100,3,1100,2.0,2,0,0,0,0,0,0,1
Immediate,2000-01-01 00:00:00,Renfrew,51.0611183,-114.0431073,/ab/calgary/rentals/house/3-bedrooms/renfrew/480572,House,3999,3,1588,3.0,0,0,0,0,0,0,0,1
Immediate,2000-01-01 00:00:00,Mahogany,50.9052738,-113.9202374,/ab/calgary/rentals/house/3-bedrooms/mahogany/485224,House,2600,3,1347,2.0,0,0,0,0,0,0,0,1
Immediate,2000-01-01 00:00:00,Redstone,51.1698635,-113.9605767,/ab/calgary/rentals/house/3-bedrooms/redstone/482622,House,2400,3,1672,2.0,0,0,0,1,0,0,0,1
Immediate,2000-01-01 00:00:00,Sage Hill,51.172709751884,-114.132947827911,/ab/calgary/rentals/house/5-bedrooms/sage-hill/148768,House,2500,5,1875,3.0,0,0,0,0,0,0,0,1
Immediate,2000-01-01 00:00:00,Huntington Hills,51.118007,-114.076529,/ab/calgary/rentals/house/6-bedrooms/huntington-hills/pet-friendly/319972,House,1995,6,1375,2.0,2,0,0,0,0,0,0,1
Immediate,2000-01-01 00:00:00,Bridlewood,50.9011229,-114.1087508,/ab/calgary/rentals/house/3-bedrooms/bridlewood/483753,House,2000,3,1345,2.0,0,0,0,0,0,0,0,1
Immediate,2000-01-01 00:00:00,Seton,50.86893,-113.95105,/ab/calgary/rentals/house/3-bedrooms/seton/485142,House,2200,3,1800,2.0,0,0,1,1,1,0,0,1
Immediate,2000-01-01 00:00:00,Arbour Lake,51.1286757,-114.2085545,/ab/calgary/rentals/house/3-bedrooms/arbour-lake/pet-friendly/484256,House,2000,3,1226,1.0,2,2,0,0,0,0,0,1
Immediate,2000-01-01 00:00:00,Falconridge,51.1005046,-113.9392844,/ab/calgary/rentals/house/3-bedrooms/falconridge/pet-friendly/485116,House,1695,3,1200,2.0,2,0,0,0,0,0,0,1
Immediate,2000-01-01 00:00:00,Royal Oak,51.1422666,-114.2311408,/ab/calgary/rentals/house/3-bedrooms/royal-oak/484662,House,2500,3,1700,2.0,0,0,0,0,0,0,0,1
Immediate,2000-01-01 00:00:00,Redstone,51.1675073,-113.9527697,/ab/calgary/rentals/house/4-bedrooms/redstone/484975,House,1990,4,1865,3.0,0,0,0,0,0,0,0,1
Immediate,2000-01-01 00:00:00,Sage Hill,51.1809335,-114.1488265,/ab/calgary/rentals/house/3-bedrooms/sage-hill/pet-friendly/485102,House,2800,3,1500,2.0,2,2,0,0,0,0,0,1
Immediate,2000-01-01 00:00:00,Highwood,51.0908213,-114.0743263,/ab/calgary/rentals/house/4-bedrooms/highwood/pet-friendly/485016,House,2780,4,2599,2.0,2,2,0,0,0,0,0,1
Immediate,2000-01-01 00:00:00,Aspen Woods,51.0512584,-114.2132501,/ab/calgary/rentals/house/4-bedrooms/aspen-woods/298306,House,4000,4,2548,3.0,0,0,0,0,0,0,0,1
Immediate,2000-01-01 00:00:00,Taradale,51.1218929,-113.9383854,/ab/calgary/rentals/house/4-bedrooms/taradale/484519,House,2350,4,1085,2.0,0,0,0,0,0,0,0,1
Immediate,2000-01-01 00:00:00,Evergreen Estates,50.9234285,-114.1272995,/ab/calgary/rentals/house/4-bedrooms/evergreen-estates/479337,House,3200,4,1855,3.0,0,0,0,0,0,0,0,1
Immediate,2000-01-01 00:00:00,Rutland Park,51.022574,-114.1375712,/ab/calgary/rentals/house/3-bedrooms/rutland-park/484947,House,2595,3,1150,2.0,0,0,0,0,0,0,0,1
Immediate,2000-01-01 00:00:00,Christie Estates,51.0391878,-114.179988,/ab/calgary/rentals/house/5-bedrooms/christie-estates/484671,House,4000,5,3000,3.0,0,0,0,0,0,0,0,1
Immediate,2000-01-01 00:00:00,Legacy,50.861986,-114.0220872,/ab/calgary/rentals/house/4-bedrooms/legacy/pet-friendly/327754,House,3500,4,3000,3.0,2,2,0,0,0,0,0,1
Immediate,2000-01-01 00:00:00,New Brighton,50.9218338,-113.9556603,/ab/calgary/rentals/house/4-bedrooms/new-brighton/483094,House,2750,4,2000,3.0,0,0,0,0,0,0,0,1
Immediate,2000-01-01 00:00:00,Renfrew,51.0600556,-114.0384795,/ab/calgary/rentals/house/3-bedrooms/renfrew/pet-friendly/484828,House,2000,3,1000,1.0,2,2,0,0,0,0,0,1
Immediate,2000-01-01 00:00:00,Woodbine,50.940371,-114.1284299,/ab/calgary/rentals/house/3-bedrooms/woodbine/484824,House,2850,3,1474,3.0,0,0,0,0,0,0,0,1
Immediate,2000-01-01 00:00:00,Copperfield,50.9165823,-113.9166012,/ab/calgary/rentals/house/3-bedrooms/copperfield/pet-friendly/484821,House,2000,3,1257,2.0,2,2,0,0,0,0,0,1
Immediate,2000-01-01 00:00:00,Coral Springs,51.108494,-113.9251902,/ab/calgary/rentals/house/5-bedrooms/coral-springs/484794,House,2750,5,2356,3.0,0,0,0,0,0,0,0,1
Immediate,2000-01-01 00:00:00,Mckenzie Towne,50.9237128,-113.9618214,/ab/calgary/rentals/house/3-bedrooms/mckenzie-towne/pet-friendly/441425,House,2200,3,1400,3.0,2,2,0,0,0,0,0,1
Immediate,2000-01-01 00:00:00,Arbour Lake,51.1346659,-114.2081224,/ab/calgary/rentals/house/3-bedrooms/arbour-lake/483270,House,2980,3,1769,3.0,0,0,0,0,0,0,0,1
Immediate,2000-01-01 00:00:00,Elboya,51.0093713,-114.0777501,/ab/calgary/rentals/house/4-bedrooms/elboya/pet-friendly/476660,House,3300,4,2100,2.0,0,2,0,0,0,0,0,1
Immediate,2000-01-01 00:00:00,Marlborough,51.0535305,-113.9647883,/ab/calgary/rentals/house/3-bedrooms/marlborough/368006,House,1695,3,1100,1.0,0,0,0,0,0,0,0,1
Immediate,2000-01-01 00:00:00,Temple,51.0858481,-113.9360532,/ab/calgary/rentals/house/6-bedrooms/temple/476171,House,2800,6,1309,3.0,0,0,0,0,0,0,0,1
Immediate,2000-01-01 00:00:00,West Springs,51.0639305,-114.1883476,/ab/calgary/rentals/house/2-bedrooms/west-springs/pet-friendly/334863,House,3300,2,2600,2.0,2,2,0,0,0,0,0,1
Immediate,2000-01-01 00:00:00,Royal Oak,51.1510671,-114.2216813,/ab/calgary/rentals/house/3-bedrooms/royal-oak/pet-friendly/478533,House,2995,3,2300,3.0,2,2,0,0,0,0,0,1
Immediate,2000-01-01 00:00:00,Lakeview,51.0037866,-114.1333069,/ab/calgary/rentals/house/4-bedrooms/lakeview/pet-friendly/484581,House,3000,4,1040,2.0,0,2,0,0,0,0,0,1
Immediate,2000-01-01 00:00:00,Coventry Hills,51.1714923,-114.0556945,/ab/calgary/rentals/house/3-bedrooms/coventry-hills/481513,House,2150,3,1352,2.0,0,0,0,0,0,0,0,1
Immediate,2000-01-01 00:00:00,Tuxedo Park,51.0794469,-114.0559545,/ab/calgary/rentals/house/2-bedrooms/tuxedo-park/pet-friendly/484574,House,1800,2,1100,1.0,2,2,0,0,0,0,0,1
Immediate,2000-01-01 00:00:00,Shawnessy,50.9080158,-114.0977244,/ab/calgary/rentals/house/4-bedrooms/shawnessy/484552,House,3000,4,3383,3.0,0,0,0,0,0,0,0,1
Immediate,2000-01-01 00:00:00,Dalhousie,51.1039088,-114.1462568,/ab/calgary/rentals/house/4-bedrooms/dalhousie/pet-friendly/484255,House,2800,4,2000,2.0,2,0,0,0,0,0,0,1
Immediate,2000-01-01 00:00:00,Edgemont,51.1186074,-114.1593945,/ab/calgary/rentals/house/3-bedrooms/edgemont/85944,House,1850,3,2200,3.0,0,0,0,0,0,0,0,1
Immediate,2000-01-01 00:00:00,Cranston,50.8759296,-113.9684562,/ab/calgary/rentals/house/3-bedrooms/cranston/pet-friendly/482698,House,2499,3,1385,2.0,2,2,0,0,0,0,0,1
Immediate,2000-01-01 00:00:00,Hidden Valley,51.1522687,-114.1097476,/ab/calgary/rentals/house/4-bedrooms/hidden-valley/422096,House,1800,4,1600,2.0,0,0,0,0,0,0,0,1
Immediate,2000-01-01 00:00:00,Silverado,50.8868561,-114.0844598,/ab/calgary/rentals/house/3-bedrooms/silverado/pet-friendly/482884,House,2450,3,2065,2.0,2,2,0,0,0,0,0,1
Immediate,2000-01-01 00:00:00,University Heights,51.0725692,-114.1357279,/ab/calgary/rentals/house/6-bedrooms/university-heights/466540,House,2880,6,2500,4.0,0,0,0,0,0,0,0,1
Immediate,2000-01-01 00:00:00,Evanston,51.1613194,-114.1184043,/ab/calgary/rentals/house/3-bedrooms/evanston/484359,House,2500,3,1900,2.0,0,0,0,0,0,0,0,1
Immediate,2000-01-01 00:00:00,Palliser,50.9697105,-114.1167832,/ab/calgary/rentals/house/4-bedrooms/palliser/482342,House,2500,4,1172,2.0,0,0,0,0,0,0,0,1
Immediate,2000-01-01 00:00:00,Nolan Hill,51.1777471,-114.1720476,/ab/calgary/rentals/house/3-bedrooms/nolan-hill/484299,House,2500,3,1755,2.0,0,0,0,0,0,0,0,1
Immediate,2000-01-01 00:00:00,Coventry Hills,51.167005,-114.040833,/ab/calgary/rentals/house/3-bedrooms/coventry-hills/349245,House,2700,3,2100,3.0,0,0,0,0,0,0,0,1
Immediate,2000-01-01 00:00:00,Signal Hill,51.0285493,-114.1807453,/ab/calgary/rentals/house/3-bedrooms/signal-hill/483691,House,3500,3,2603,2.0,0,0,0,0,0,0,0,1
Immediate,2000-01-01 00:00:00,MacEwan,51.1323695,-114.1203401,/ab/calgary/rentals/house/3-bedrooms/macewan/483454,House,2600,3,1800,2.0,0,0,0,0,0,0,0,1
Immediate,2000-01-01 00:00:00,Mckenzie Towne,50.9091789,-113.9546071,/ab/calgary/rentals/house/4-bedrooms/mckenzie-towne/480770,House,2400,4,2080,2.0,0,0,0,0,0,0,0,1
Immediate,2000-01-01 00:00:00,Rosedale,51.0622876,-114.0774662,/ab/calgary/rentals/house/3-bedrooms/rosedale/pet-friendly/484151,House,4750,3,1200,3.0,2,2,0,0,0,0,0,1
Immediate,2000-01-01 00:00:00,Coventry Hills,51.1710338,-114.0385162,/ab/calgary/rentals/house/4-bedrooms/coventry-hills/484117,House,2500,4,1600,2.0,0,0,0,0,0,0,0,1
Immediate,2000-01-01 00:00:00,Beddington,51.1312432,-114.065067,/ab/calgary/rentals/house/5-bedrooms/beddington/pet-friendly/105638,House,2090,5,2000,3.0,2,2,0,0,0,0,0,1
Immediate,2000-01-01 00:00:00,Evergreen,50.9149079,-114.1242415,/ab/calgary/rentals/house/3-bedrooms/evergreen/109974,House,2300,3,1700,2.0,0,0,0,0,0,0,0,1
Immediate,2000-01-01 00:00:00,Walden,50.863744162185,-114.014633115591,/ab/calgary/rentals/house/3-bedrooms/walden/411960,House,2650,3,1815,2.0,0,0,0,0,0,0,0,1
Immediate,2000-01-01 00:00:00,Varsity,51.0928868,-114.1560367,/ab/calgary/rentals/house/5-bedrooms/varsity/481332,House,2850,5,2113,2.0,0,0,0,0,0,0,0,1
Immediate,2000-01-01 00:00:00,Tuscany,51.1171489,-114.2546609,/ab/calgary/rentals/house/3-bedrooms/tuscany/pet-friendly/480262,House,3495,3,2400,3.0,2,2,0,0,0,0,0,1
Immediate,2000-01-01 00:00:00,Glendale,51.0320842,-114.1498417,/ab/calgary/rentals/house/3-bedrooms/glendale/pet-friendly/413106,House,3000,3,2400,2.0,2,2,0,0,0,0,0,1
Immediate,2000-01-01 00:00:00,Coventry Hills,51.156644,-114.0422139,/ab/calgary/rentals/house/3-bedrooms/coventry-hills/pet-friendly/483911,House,2600,3,1525,3.0,2,2,0,0,0,0,0,1
Immediate,2000-01-01 00:00:00,Bridlewood,50.8996772,-114.113172,/ab/calgary/rentals/house/4-bedrooms/bridlewood/435161,House,2600,4,1870,3.0,0,0,0,0,0,0,0,1
Immediate,2000-01-01 00:00:00,New Brighton,50.9158892,-113.9439533,/ab/calgary/rentals/house/3-bedrooms/new-brighton/483145,House,2200,3,1350,3.0,0,0,0,0,0,0,0,1
Immediate,2000-01-01 00:00:00,North Haven,51.1031862,-114.086015,/ab/calgary/rentals/house/4-bedrooms/north-haven/432269,House,4500,4,2500,2.0,0,0,1,1,1,0,1,1
Immediate,2000-01-01 00:00:00,Haysboro,50.9775235,-114.0790992,/ab/calgary/rentals/house/3-bedrooms/haysboro/pet-friendly/320542,House,1750,3,1022,1.0,2,0,0,0,0,0,0,1
Immediate,2000-01-01 00:00:00,Coventry Hills,51.165539,-114.051833,/ab/calgary/rentals/house/5-bedrooms/coventry-hills/149583,House,2500,5,2018,3.0,0,0,0,0,0,0,0,1
Immediate,2000-01-01 00:00:00,Nolan Hill,51.1732456,-114.1666892,/ab/calgary/rentals/house/4-bedrooms/nolan-hill/483237,House,3100,4,2796,4.0,0,0,0,0,0,0,0,1
Immediate,2000-01-01 00:00:00,Royal Oak,51.1510287,-114.2218559,/ab/calgary/rentals/house/3-bedrooms/royal-oak/pet-friendly/483668,House,2795,3,2150,3.0,2,2,0,0,0,0,0,1
Immediate,2000-01-01 00:00:00,New Brighton,50.9190705,-113.9561334,/ab/calgary/rentals/house/3-bedrooms/new-brighton/483655,House,2500,3,1672,2.0,0,0,0,0,0,0,0,1
Immediate,2000-01-01 00:00:00,Crescent Heights,51.08058029092,-114.057719458691,/ab/calgary/rentals/house/6-bedrooms/crescent-heights/483421,House,2850,6,1220,2.0,0,0,0,0,0,0,0,1
Immediate,2000-01-01 00:00:00,Royal Oak,51.1466686,-114.2263412,/ab/calgary/rentals/house/5-bedrooms/royal-oak/482983,House,2850,5,2405,1.0,0,0,0,0,0,0,0,1
Immediate,2000-01-01 00:00:00,Douglasdale,50.932452946326,-113.980567545508,/ab/calgary/rentals/house/3-bedrooms/douglasdale/483034,House,2450,3,1800,3.0,0,0,0,0,0,0,0,1
Immediate,2000-01-01 00:00:00,Currie Barracks,51.0173887,-114.1314276,/ab/calgary/rentals/house/2-bedrooms/currie-barracks/336178,House,2000,2,850,1.0,0,0,1,1,1,0,1,1
Immediate,2000-01-01 00:00:00,Patterson,51.062963,-114.174517,/ab/calgary/rentals/house/4-bedrooms/patterson/311463,House,4900,4,4000,4.0,0,0,0,0,0,0,0,1
Immediate,2000-01-01 00:00:00,New Brighton,50.9261644,-113.9564218,/ab/calgary/rentals/house/4-bedrooms/new-brighton/pet-friendly/458641,House,2495,4,1450,2.0,2,2,0,0,0,0,0,1
Immediate,2000-01-01 00:00:00,Capitol Hill,51.0703359,-114.089353,/ab/calgary/rentals/house/2-bedrooms/capitol-hill/482992,House,1600,2,1900,1.0,0,0,0,0,0,0,0,1
Immediate,2000-01-01 00:00:00,Dover,51.02647846382,-113.979630868262,/ab/calgary/rentals/house/4-bedrooms/dover/pet-friendly/395481,House,1300,4,1100,2.0,2,2,0,0,0,0,0,1
Immediate,2000-01-01 00:00:00,Rundle,51.074619,-113.970187,/ab/calgary/rentals/house/3-bedrooms/rundle/82405,House,1800,3,1100,2.0,0,0,0,0,0,0,0,1
Immediate,2000-01-01 00:00:00,New Brighton,50.9174136,-113.9396012,/ab/calgary/rentals/house/1-bedroom/new-brighton/109538,House,700,1,2700,1.0,0,0,1,1,1,1,1,1
Immediate,2000-01-01 00:00:00,Evergreen,50.9147341,-114.1035184,/ab/calgary/rentals/house/4-bedrooms/evergreen/482176,House,2650,4,3043,3.0,0,0,0,0,0,0,0,1
Immediate,2000-01-01 00:00:00,Evergreen,50.917669,-114.121265,/ab/calgary/rentals/house/3-bedrooms/evergreen/480537,House,2550,3,2018,2.0,0,0,0,0,0,0,0,1
Immediate,2000-01-01 00:00:00,South Calgary,51.023473765602,-114.097506083081,/ab/calgary/rentals/house/2-bedrooms/south-calgary/463900,House,2150,2,980,1.0,0,0,0,0,0,0,0,1
Immediate,2000-01-01 00:00:00,Rosedale,51.059705260204,-114.080271720886,/ab/calgary/rentals/house/2-bedrooms/rosedale/pet-friendly/48771,House,2050,2,850,1.0,2,2,0,0,0,0,0,1
Immediate,2000-01-01 00:00:00,Parkhill-Stanley Park,51.014747506151,-114.066525959525,/ab/calgary/rentals/house/3-bedrooms/parkhill-stanley-park/43305,House,2400,3,2350,2.0,0,0,0,0,0,0,0,1
Immediate,2000-01-01 00:00:00,Sunalta,51.0416959,-114.0978925,/ab/calgary/rentals/house/2-bedrooms/sunalta/480398,House,2100,2,1100,1.0,0,0,0,0,0,0,0,1
Immediate,2000-01-01 00:00:00,Shaganappi,51.04076,-114.1323644,/ab/calgary/rentals/house/4-bedrooms/shaganappi/474314,House,2000,4,1100,2.0,0,0,0,0,0,0,0,1
Apr 16,2022-04-16 00:00:00,Tuscany,51.1253349,-114.2521335,/ab/calgary/rentals/house/4-bedrooms/tuscany/485081,House,3200,4,2084,3.0,0,0,0,0,0,0,0,4
Apr 16,2022-04-16 00:00:00,Walden,50.8642258,-114.0167675,/ab/calgary/rentals/house/3-bedrooms/walden/pet-friendly/482740,House,2250,3,1550,2.0,2,2,0,0,0,0,0,4
Apr 18,2022-04-18 00:00:00,Walden,50.8694477,-114.0350339,/ab/calgary/rentals/house/3-bedrooms/walden/485038,House,2700,3,1800,3.0,0,0,0,0,0,0,0,4
Apr 18,2022-04-18 00:00:00,Chaparral,50.8897796,-114.0133067,/ab/calgary/rentals/house/4-bedrooms/chaparral/484442,House,3099,4,3500,3.0,0,0,0,0,0,0,0,4
Apr 18,2022-04-18 00:00:00,Cornerstone,51.1636571,-113.9421016,/ab/calgary/rentals/house/5-bedrooms/cornerstone/483836,House,3200,5,1800,4.0,0,0,0,0,0,0,0,4
Apr 20,2022-04-20 00:00:00,Haysboro,50.971531,-114.0902999,/ab/calgary/rentals/house/4-bedrooms/haysboro/pet-friendly/485229,House,2050,4,1110,2.0,2,2,0,0,0,0,0,4
Apr 20,2022-04-20 00:00:00,Dalhousie,51.1110212,-114.160254,/ab/calgary/rentals/house/4-bedrooms/dalhousie/484801,House,2700,4,2263,3.0,0,0,0,0,0,0,0,4
Apr 20,2022-04-20 00:00:00,Tuscany,51.1367297,-114.2454337,/ab/calgary/rentals/house/4-bedrooms/tuscany/pet-friendly/483803,House,3650,4,2000,4.0,2,2,0,0,0,0,0,4
Apr 25,2022-04-25 00:00:00,Evergreen,50.9210707,-114.111256,/ab/calgary/rentals/house/4-bedrooms/evergreen/485262,House,2680,4,2053,3.0,0,0,0,0,0,0,0,4
Apr 30,2022-04-30 00:00:00,Martindale,51.1236924,-113.9536789,/ab/calgary/rentals/house/3-bedrooms/martindale/pet-friendly/484364,House,2100,3,1467,2.0,2,2,0,0,0,0,0,4
May 01,2022-05-01 00:00:00,Somerset,50.9032372,-114.0889879,/ab/calgary/rentals/house/4-bedrooms/somerset/485285,House,2600,4,1481,3.0,0,0,0,0,0,0,0,5
May 01,2022-05-01 00:00:00,Royal Oak,51.1453384,-114.2446276,/ab/calgary/rentals/house/2-bedrooms/royal-oak/485286,House,2500,2,1113,3.0,0,0,0,0,0,0,0,5
May 01,2022-05-01 00:00:00,Thorncliffe,51.1008518,-114.0570434,/ab/calgary/rentals/house/4-bedrooms/thorncliffe/pet-friendly/485208,House,3000,4,1050,2.0,2,2,0,0,0,0,0,5
May 01,2022-05-01 00:00:00,Glendale,51.0369357,-114.147793,/ab/calgary/rentals/house/3-bedrooms/glendale/pet-friendly/485183,House,2350,3,1000,2.0,2,2,0,0,0,0,0,5
May 01,2022-05-01 00:00:00,Auburn Bay,50.8853107,-113.9472533,/ab/calgary/rentals/house/3-bedrooms/auburn-bay/pet-friendly/485061,House,2600,3,1700,2.0,2,2,0,0,1,0,0,5
May 01,2022-05-01 00:00:00,Temple,51.0835117,-113.9444278,/ab/calgary/rentals/house/3-bedrooms/temple/pet-friendly/484438,House,2250,3,1630,2.0,2,2,0,0,1,0,0,5
May 01,2022-05-01 00:00:00,Mission,51.0363463,-114.0691909,/ab/calgary/rentals/house/2-bedrooms/mission/pet-friendly/28822,House,1700,2,970,1.0,2,2,0,0,0,0,0,5
May 01,2022-05-01 00:00:00,Sage Hill,51.180194,-114.1472203,/ab/calgary/rentals/house/3-bedrooms/sage-hill/485101,House,2600,3,1686,3.0,0,0,0,0,0,0,0,5
May 01,2022-05-01 00:00:00,Canyon Meadows,50.9361314,-114.0737988,/ab/calgary/rentals/house/4-bedrooms/canyon-meadows/118119,House,2490,4,1800,3.0,0,0,0,0,0,0,0,5
May 01,2022-05-01 00:00:00,Yorkville,50.8759245,-114.0812812,/ab/calgary/rentals/house/3-bedrooms/yorkville/485199,House,2800,3,2300,2.0,0,0,0,0,0,0,0,5
May 01,2022-05-01 00:00:00,Windsor Park,51.0035464,-114.0735929,/ab/calgary/rentals/house/4-bedrooms/windsor-park/416378,House,2000,4,1420,2.0,0,0,0,0,0,0,0,5
May 01,2022-05-01 00:00:00,Signal Hill,51.0246056,-114.1789015,/ab/calgary/rentals/house/5-bedrooms/signal-hill/460194,House,4000,5,2600,3.0,0,0,0,0,0,0,0,5
May 01,2022-05-01 00:00:00,Midnapore,50.918034455053,-114.050323415628,/ab/calgary/rentals/house/4-bedrooms/midnapore/pet-friendly/484926,House,2250,4,1500,2.0,0,2,0,0,0,0,0,5
May 01,2022-05-01 00:00:00,Parkland,50.9282201,-114.0341811,/ab/calgary/rentals/house/4-bedrooms/parkland/6166,House,2850,4,1278,3.0,0,0,0,0,0,0,0,5
May 01,2022-05-01 00:00:00,Arbour Lake,51.1362662,-114.2138616,/ab/calgary/rentals/house/4-bedrooms/arbour-lake/pet-friendly/450781,House,2480,4,2000,2.0,2,0,0,0,0,0,0,5
May 01,2022-05-01 00:00:00,Sherwood,51.1623151,-114.1485544,/ab/calgary/rentals/house/5-bedrooms/sherwood/485089,House,3495,5,3500,3.0,0,0,0,0,0,0,0,5
May 01,2022-05-01 00:00:00,Thorncliffe,51.1009311,-114.0628306,/ab/calgary/rentals/house/3-bedrooms/thorncliffe/pet-friendly/468062,House,1750,3,1600,1.0,0,2,0,0,0,0,0,5
May 01,2022-05-01 00:00:00,Woodbine,50.9442096,-114.1209662,/ab/calgary/rentals/house/4-bedrooms/woodbine/369930,House,2200,4,1150,2.0,0,0,0,0,0,0,0,5
May 01,2022-05-01 00:00:00,Evanston,51.177543,-114.123308,/ab/calgary/rentals/house/4-bedrooms/evanston/485003,House,3600,4,2268,3.0,0,0,0,0,0,0,0,5
May 01,2022-05-01 00:00:00,Bearspaw,51.216555,-114.290627,/ab/calgary/rentals/house/2-bedrooms/bearspaw/418292,House,3500,2,3500,3.0,0,0,0,0,0,0,0,5
May 01,2022-05-01 00:00:00,Castleridge,51.1050064,-113.9572181,/ab/calgary/rentals/house/4-bedrooms/castleridge/pet-friendly/484968,House,2225,4,1068,2.0,2,2,0,0,0,0,0,5
May 01,2022-05-01 00:00:00,Willow Park,50.9620066,-114.062915,/ab/calgary/rentals/house/4-bedrooms/willow-park/484898,House,2600,4,2000,3.0,0,0,0,0,0,0,0,5
May 01,2022-05-01 00:00:00,Richmond/Knob Hill,51.0340022,-114.1092341,/ab/calgary/rentals/house/4-bedrooms/richmond-knob-hill/480779,House,2800,4,1950,2.0,0,0,0,0,0,0,0,5
May 01,2022-05-01 00:00:00,Deer Run,50.9235441,-114.0102355,/ab/calgary/rentals/house/3-bedrooms/deer-run/484769,House,2000,3,1050,2.0,0,0,0,0,0,0,0,5
May 01,2022-05-01 00:00:00,Cedarbrae,50.962078,-114.137563,/ab/calgary/rentals/house/3-bedrooms/cedarbrae/pet-friendly/393582,House,2300,3,1357,1.0,2,0,0,0,0,0,0,5
May 01,2022-05-01 00:00:00,Scenic Acres,51.1200586,-114.2270552,/ab/calgary/rentals/house/3-bedrooms/scenic-acres/474843,House,2800,3,2300,2.0,0,0,0,0,0,0,0,5
May 01,2022-05-01 00:00:00,Charleswood,51.0935194,-114.1189396,/ab/calgary/rentals/house/4-bedrooms/charleswood/388939,House,1785,4,1500,1.0,0,0,0,0,0,0,0,5
May 01,2022-05-01 00:00:00,Sage Hill,51.1779015,-114.1517672,/ab/calgary/rentals/house/3-bedrooms/sage-hill/pet-friendly/290007,House,2795,3,2200,2.0,2,2,0,0,0,0,0,5
May 01,2022-05-01 00:00:00,Coventry Hills,51.169506841734,-114.041433327844,/ab/calgary/rentals/house/3-bedrooms/coventry-hills/484598,House,2100,3,2000,3.0,0,0,0,0,0,0,0,5
May 01,2022-05-01 00:00:00,Evergreen,50.9157327,-114.1249777,/ab/calgary/rentals/house/3-bedrooms/evergreen/pet-friendly/484702,House,2400,3,1926,2.0,2,0,0,0,0,0,0,5
May 01,2022-05-01 00:00:00,Edgemont,51.1256811,-114.1406042,/ab/calgary/rentals/house/4-bedrooms/edgemont/344420,House,2300,4,1880,4.0,0,0,0,0,0,0,0,5
May 01,2022-05-01 00:00:00,Glendale,51.0297082,-114.1457036,/ab/calgary/rentals/house/4-bedrooms/glendale/pet-friendly/481435,House,3495,4,2360,3.0,2,2,0,0,0,0,0,5
May 01,2022-05-01 00:00:00,Capitol Hill,51.0680736,-114.086239,/ab/calgary/rentals/house/2-bedrooms/capitol-hill/pet-friendly/484628,House,1800,2,600,1.0,2,2,0,0,0,0,0,5
May 01,2022-05-01 00:00:00,Thorncliffe,51.1051739,-114.0671958,/ab/calgary/rentals/house/3-bedrooms/thorncliffe/pet-friendly/484540,House,1995,3,1036,1.0,2,2,0,0,0,0,0,5
May 01,2022-05-01 00:00:00,Varsity,51.0889801,-114.1513356,/ab/calgary/rentals/house/4-bedrooms/varsity/484193,House,3400,4,2000,3.0,0,0,0,0,0,0,0,5
May 01,2022-05-01 00:00:00,Bridlewood,50.899228,-114.1040006,/ab/calgary/rentals/house/3-bedrooms/bridlewood/pet-friendly/484447,House,1850,3,1210,1.0,2,2,0,0,0,0,0,5
May 01,2022-05-01 00:00:00,Forest Heights,51.0504245,-113.9579783,/ab/calgary/rentals/house/3-bedrooms/forest-heights/pet-friendly/397053,House,1500,3,1200,1.0,2,0,0,0,0,0,0,5
May 01,2022-05-01 00:00:00,Auburn Bay,50.8984666,-113.9582445,/ab/calgary/rentals/house/4-bedrooms/auburn-bay/483973,House,3300,4,2211,3.0,0,0,0,0,0,0,0,5
May 01,2022-05-01 00:00:00,South Calgary,51.0274829,-114.1072011,/ab/calgary/rentals/house/4-bedrooms/south-calgary/pet-friendly/81809,House,3800,4,3300,3.0,0,2,0,0,0,0,0,5
May 01,2022-05-01 00:00:00,Cranston,50.885538,-113.9841446,/ab/calgary/rentals/house/3-bedrooms/cranston/377370,House,2400,3,2204,2.0,0,0,0,0,0,0,0,5
May 01,2022-05-01 00:00:00,Panorama Hills,51.164123784055,-114.073113739287,/ab/calgary/rentals/house/3-bedrooms/panorama-hills/pet-friendly/483799,House,2600,3,1700,2.0,2,2,0,0,0,0,0,5
May 01,2022-05-01 00:00:00,Panorama Hills,51.1578153,-114.0896517,/ab/calgary/rentals/house/4-bedrooms/panorama-hills/pet-friendly/394034,House,2600,4,2011,2.0,2,0,0,0,0,0,0,5
May 01,2022-05-01 00:00:00,Inglewood,51.0402227,-114.0259382,/ab/calgary/rentals/house/3-bedrooms/inglewood/pet-friendly/475046,House,3200,3,1086,1.0,2,2,1,1,1,1,1,5
May 01,2022-05-01 00:00:00,Hidden Valley,51.14827966445,-114.134439984409,/ab/calgary/rentals/house/4-bedrooms/hidden-valley/pet-friendly/483645,House,2400,4,1350,1.0,2,2,0,0,0,0,0,5
May 01,2022-05-01 00:00:00,Oakridge,50.971821,-114.1322037,/ab/calgary/rentals/house/3-bedrooms/oakridge/483641,House,4500,3,2060,3.0,0,0,0,0,0,0,0,5
May 01,2022-05-01 00:00:00,Crescent Heights,51.0661709,-114.0656774,/ab/calgary/rentals/house/3-bedrooms/crescent-heights/399678,House,3000,3,1819,3.0,0,0,0,0,0,0,0,5
May 01,2022-05-01 00:00:00,Seton,50.8661036,-113.9567494,/ab/calgary/rentals/house/4-bedrooms/seton/390487,House,2350,4,1802,3.0,0,0,0,0,0,0,0,5
May 01,2022-05-01 00:00:00,Copperfield,50.912664630213,-113.926333471058,/ab/calgary/rentals/house/3-bedrooms/copperfield/360585,House,1900,3,1600,2.0,0,0,0,0,0,0,0,5
May 01,2022-05-01 00:00:00,Spruce Cliff,51.0460617,-114.1415436,/ab/calgary/rentals/house/3-bedrooms/spruce-cliff/444463,House,1480,3,1300,1.0,0,0,0,0,0,0,0,5
May 01,2022-05-01 00:00:00,Legacy,50.8581266,-114.0229623,/ab/calgary/rentals/house/4-bedrooms/legacy/113301,House,2200,4,2000,3.0,0,0,0,0,0,0,0,5
May 01,2022-05-01 00:00:00,Palliser,50.967555,-114.1155754,/ab/calgary/rentals/house/4-bedrooms/palliser/pet-friendly/481197,House,2500,4,1680,2.0,2,2,0,0,0,0,0,5
May 01,2022-05-01 00:00:00,Scenic Acres,51.1182906,-114.2213368,/ab/calgary/rentals/house/5-bedrooms/scenic-acres/pet-friendly/85641,House,2500,5,2066,3.0,0,2,0,0,0,0,0,5
May 01,2022-05-01 00:00:00,New Brighton,50.9258752,-113.9540572,/ab/calgary/rentals/house/3-bedrooms/new-brighton/481960,House,2100,3,2000,2.0,0,0,0,0,0,0,0,5
May 01,2022-05-01 00:00:00,Banff Trail,51.069048036643,-114.113555549738,/ab/calgary/rentals/house/4-bedrooms/banff-trail/pet-friendly/427566,House,2950,4,1600,4.0,2,2,0,0,0,0,0,5
May 01,2022-05-01 00:00:00,Riverbend,50.9731351,-114.0168156,/ab/calgary/rentals/house/4-bedrooms/riverbend/441561,House,1950,4,1875,2.0,0,0,0,0,0,0,0,5
May 02,2022-05-02 00:00:00,Arbour Lake,51.13267,-114.19572,/ab/calgary/rentals/house/4-bedrooms/arbour-lake/102370,House,2000,4,1500,3.0,0,0,0,0,0,0,0,5
May 03,2022-05-03 00:00:00,McKenzie Towne,50.9085726,-113.9535625,/ab/calgary/rentals/house/5-bedrooms/mckenzie-towne/69682,House,4250,5,2500,4.0,0,0,1,1,1,0,1,5
May 05,2022-05-05 00:00:00,Capitol Hill,51.0730317,-114.0940487,/ab/calgary/rentals/house/4-bedrooms/capitol-hill/pet-friendly/484317,House,2800,4,2000,2.0,2,2,0,0,0,0,0,5
May 06,2022-05-06 00:00:00,Hawkwood,51.1297755,-114.1672053,/ab/calgary/rentals/house/3-bedrooms/hawkwood/pet-friendly/484934,House,3400,3,1410,3.0,2,2,0,0,0,0,0,5
May 08,2022-05-08 00:00:00,Signal Hill,51.0324715,-114.1744203,/ab/calgary/rentals/house/3-bedrooms/signal-hill/pet-friendly/333023,House,2680,3,2268,2.0,2,0,0,0,0,0,0,5
May 13,2022-05-13 00:00:00,Royal Oak,51.1447952,-114.2201406,/ab/calgary/rentals/house/4-bedrooms/royal-oak/pet-friendly/485129,House,2700,4,1729,4.0,2,2,0,0,0,0,0,5
May 13,2022-05-13 00:00:00,Tuscany,51.1277847,-114.2534126,/ab/calgary/rentals/house/4-bedrooms/tuscany/483802,House,3000,4,1815,3.0,0,0,0,0,0,0,0,5
May 15,2022-05-15 00:00:00,Chaparral,50.8843011,-114.0216139,/ab/calgary/rentals/house/5-bedrooms/chaparral/pet-friendly/109831,House,2900,5,2470,3.0,2,2,0,0,0,0,0,5
May 15,2022-05-15 00:00:00,Fairview,50.984774,-114.0641118,/ab/calgary/rentals/house/4-bedrooms/fairview/484841,House,2500,4,1300,3.0,0,0,0,0,0,0,0,5
May 15,2022-05-15 00:00:00,Lynnwood,50.9991342,-114.014748,/ab/calgary/rentals/house/3-bedrooms/lynnwood/pet-friendly/370435,House,1800,3,1400,1.0,2,2,1,1,1,0,0,5
May 15,2022-05-15 00:00:00,Glamorgan,51.0103519,-114.1524819,/ab/calgary/rentals/house/5-bedrooms/glamorgan/449501,House,2600,5,1790,2.0,0,0,0,0,0,0,0,5
May 15,2022-05-15 00:00:00,Briar Hill,51.0656351,-114.1074878,/ab/calgary/rentals/house/3-bedrooms/briar-hill/pet-friendly/484607,House,2100,3,2200,2.0,2,2,0,0,0,0,0,5
May 15,2022-05-15 00:00:00,Varsity,51.0991048,-114.1583896,/ab/calgary/rentals/house/5-bedrooms/varsity/458391,House,2850,5,1084,2.0,0,0,0,0,0,0,0,5
May 15,2022-05-15 00:00:00,Coventry Hills,51.1634442,-114.0617934,/ab/calgary/rentals/house/3-bedrooms/coventry-hills/pet-friendly/312008,House,2100,3,1250,3.0,2,0,0,0,0,0,0,5
May 15,2022-05-15 00:00:00,Glengarry,51.0354582,-114.1255569,/ab/calgary/rentals/house/2-bedrooms/glengarry/pet-friendly/483653,House,2000,2,980,1.0,2,2,1,1,1,0,0,5
May 15,2022-05-15 00:00:00,Auburn Bay,50.8836546,-113.9656167,/ab/calgary/rentals/house/4-bedrooms/auburn-bay/484288,House,3000,4,1600,3.0,0,0,0,0,0,0,0,5
May 15,2022-05-15 00:00:00,West Springs,51.0607732,-114.1932615,/ab/calgary/rentals/house/3-bedrooms/west-springs/483594,House,2900,3,2100,2.0,0,0,0,0,0,0,0,5
May 16,2022-05-16 00:00:00,Coventry Hills,51.1662688,-114.0538946,/ab/calgary/rentals/house/3-bedrooms/coventry-hills/pet-friendly/290321,House,1950,3,2000,3.0,2,2,0,0,0,0,0,5
May 16,2022-05-16 00:00:00,Tuscany,51.1336163,-114.2426863,/ab/calgary/rentals/house/4-bedrooms/tuscany/359803,House,2200,4,1944,3.0,0,0,0,0,0,0,0,5
May 21,2022-05-21 00:00:00,MacEwan,51.13615,-114.1198942,/ab/calgary/rentals/house/4-bedrooms/macewan/482892,House,2850,4,2800,4.0,0,0,0,0,0,0,0,5
May 28,2022-05-28 00:00:00,Evanston,51.1694311,-114.1167461,/ab/calgary/rentals/house/3-bedrooms/evanston/484638,House,2500,3,2200,2.0,0,0,1,1,1,0,0,5
May 28,2022-05-28 00:00:00,Aspen Woods,51.0459285,-114.2125483,/ab/calgary/rentals/house/4-bedrooms/aspen-woods/484166,House,5000,4,3500,3.0,0,0,0,0,0,0,0,5
May 28,2022-05-28 00:00:00,Cougar Ridge,51.0689092,-114.2072058,/ab/calgary/rentals/house/3-bedrooms/cougar-ridge/481750,House,2650,3,1934,2.0,0,0,0,0,0,0,0,5
Jun 01,2022-06-01 00:00:00,Winston Heights,51.0686878,-114.0427897,/ab/calgary/rentals/house/3-bedrooms/winston-heights/470275,House,3500,3,1400,2.0,0,0,1,1,1,0,1,6
Jun 01,2022-06-01 00:00:00,Evanston,51.1748632,-114.1013763,/ab/calgary/rentals/house/3-bedrooms/evanston/pet-friendly/132521,House,1950,3,1300,2.0,0,2,0,0,0,0,0,6
Jun 01,2022-06-01 00:00:00,Albert Park,51.044373,-113.9972049,/ab/calgary/rentals/house/3-bedrooms/albert-park/pet-friendly/383796,House,1750,3,1200,1.0,2,2,0,0,0,0,0,6
Jun 01,2022-06-01 00:00:00,Bridgeland,51.0561848,-114.0400623,/ab/calgary/rentals/house/2-bedrooms/bridgeland/pet-friendly/467119,House,1800,2,822,1.0,2,2,0,0,0,0,0,6
Jun 01,2022-06-01 00:00:00,Coventry Hills,51.1608167,-114.0475218,/ab/calgary/rentals/house/3-bedrooms/coventry-hills/pet-friendly/289446,House,2450,3,1450,2.0,2,2,0,0,0,0,0,6
Jun 01,2022-06-01 00:00:00,Aspen Woods,51.044119,-114.2117572,/ab/calgary/rentals/house/4-bedrooms/aspen-woods/109468,House,2800,4,2200,3.0,0,0,0,0,0,0,0,6
Jun 01,2022-06-01 00:00:00,Royal Oak,51.142703,-114.230635,/ab/calgary/rentals/house/4-bedrooms/royal-oak/pet-friendly/305709,House,2100,4,1700,2.0,0,2,0,0,0,0,0,6
Jun 01,2022-06-01 00:00:00,Hidden Valley,51.1473732,-114.1074109,/ab/calgary/rentals/house/4-bedrooms/hidden-valley/pet-friendly/485216,House,3000,4,2173,4.0,2,2,0,0,0,0,0,6
Jun 01,2022-06-01 00:00:00,Collingwood,51.0869024,-114.0985163,/ab/calgary/rentals/house/4-bedrooms/collingwood/pet-friendly/451922,House,2600,4,1715,3.0,0,2,0,0,0,0,0,6
Jun 01,2022-06-01 00:00:00,Tuscany,51.12399,-114.24596,/ab/calgary/rentals/house/3-bedrooms/tuscany/66884,House,2300,3,1784,2.0,0,0,0,0,0,0,0,6
Jun 01,2022-06-01 00:00:00,Rocky Ridge,51.1461849,-114.2379705,/ab/calgary/rentals/house/3-bedrooms/rocky-ridge/pet-friendly/484162,House,2500,3,1507,3.0,2,2,0,0,0,0,0,6
Jun 01,2022-06-01 00:00:00,New Brighton,50.9250293,-113.9516698,/ab/calgary/rentals/house/3-bedrooms/new-brighton/pet-friendly/484940,House,2300,3,1458,3.0,2,2,0,0,0,0,0,6
Jun 01,2022-06-01 00:00:00,Forest Lawn,51.040587,-113.971149,/ab/calgary/rentals/house/4-bedrooms/forest-lawn/pet-friendly/129016,House,1950,4,1200,2.0,2,2,0,0,0,0,0,6
Jun 01,2022-06-01 00:00:00,Copperfield,50.9095867,-113.9326731,/ab/calgary/rentals/house/3-bedrooms/copperfield/484813,House,2000,3,1392,2.0,0,0,0,0,0,0,0,6
Jun 01,2022-06-01 00:00:00,Whitehorn,51.0868625,-113.9778138,/ab/calgary/rentals/house/3-bedrooms/whitehorn/297204,House,1750,3,2000,2.0,0,0,0,0,0,0,0,6
Jun 01,2022-06-01 00:00:00,Discovery Ridge,51.0184063,-114.2121377,/ab/calgary/rentals/house/5-bedrooms/discovery-ridge/484857,House,3500,5,3000,3.0,0,0,0,0,0,0,0,6
Jun 01,2022-06-01 00:00:00,Royal Oak,51.14037,-114.22613,/ab/calgary/rentals/house/5-bedrooms/royal-oak/61114,House,4000,5,4000,4.0,0,0,0,0,0,0,0,6
Jun 01,2022-06-01 00:00:00,Woodlands,50.937204,-114.1109448,/ab/calgary/rentals/house/3-bedrooms/woodlands/pet-friendly/482795,House,2700,3,1600,3.0,2,2,0,0,0,0,0,6
Jun 01,2022-06-01 00:00:00,Beddington,51.1325962,-114.0816888,/ab/calgary/rentals/house/3-bedrooms/beddington/409020,House,1850,3,2400,3.0,0,0,0,0,0,0,0,6
Jun 01,2022-06-01 00:00:00,Douglas Glen,50.9573615,-114.0143051,/ab/calgary/rentals/house/3-bedrooms/douglas-glen/96153,House,2050,3,1850,3.0,0,0,0,0,0,0,0,6
Jun 01,2022-06-01 00:00:00,Garrison Green,51.001766,-114.1233836,/ab/calgary/rentals/house/3-bedrooms/garrison-green/pet-friendly/484281,House,2885,3,1260,2.0,0,2,0,0,0,0,0,6
Jun 01,2022-06-01 00:00:00,Copperfield,50.9181453,-113.9203202,/ab/calgary/rentals/house/4-bedrooms/copperfield/373158,House,2800,4,1578,3.0,0,0,0,0,0,0,0,6
Jun 01,2022-06-01 00:00:00,Royal Oak,51.1355627,-114.2334316,/ab/calgary/rentals/house/4-bedrooms/royal-oak/pet-friendly/483558,House,4950,4,3100,3.0,2,2,0,0,0,0,0,6
Jun 01,2022-06-01 00:00:00,Tuscany,51.1330326,-114.2488738,/ab/calgary/rentals/house/4-bedrooms/tuscany/483473,House,3200,4,2400,4.0,0,0,0,0,0,0,0,6
Jun 01,2022-06-01 00:00:00,Richmond/Knob Hill,51.0306418,-114.1125813,/ab/calgary/rentals/house/1-bedroom/richmond-knob-hill/467449,House,2500,1,850,1.0,0,0,1,1,1,0,1,6
Jun 06,2022-06-06 00:00:00,Redstone,51.1681998,-113.9540337,/ab/calgary/rentals/house/5-bedrooms/redstone/484868,House,2200,5,1200,3.0,0,0,0,0,0,0,0,6
Jun 10,2022-06-10 00:00:00,Rocky Ridge,51.144585678127,-114.192263003247,/ab/calgary/rentals/house/4-bedrooms/rocky-ridge/pet-friendly/343499,House,3100,4,3100,3.0,2,0,0,0,0,0,0,6
Jun 15,2022-06-15 00:00:00,Elboya,51.01186600283,-114.070166269312,/ab/calgary/rentals/house/3-bedrooms/elboya/pet-friendly/357295,House,3250,3,1750,2.0,2,2,0,0,0,0,0,6
Jun 15,2022-06-15 00:00:00,Ogden,50.985624,-113.9999408,/ab/calgary/rentals/house/2-bedrooms/ogden/pet-friendly/483841,House,1700,2,850,2.0,2,2,0,0,0,0,0,6
Jul 01,2022-07-01 00:00:00,Brentwood,51.1011396,-114.1342718,/ab/calgary/rentals/house/3-bedrooms/brentwood/pet-friendly/460321,House,2500,3,1341,1.0,0,2,0,0,0,0,0,7
Jul 01,2022-07-01 00:00:00,Silver Springs,51.1111772,-114.194696,/ab/calgary/rentals/house/4-bedrooms/silver-springs/484972,House,2495,4,2255,2.0,0,0,0,0,0,0,0,7
Jul 01,2022-07-01 00:00:00,Huntington Hills,51.1156803,-114.0739822,/ab/calgary/rentals/house/5-bedrooms/huntington-hills/439743,House,1700,5,1900,2.0,0,0,0,0,0,0,0,7
Jul 01,2022-07-01 00:00:00,Signal Hill,51.0302505,-114.1700029,/ab/calgary/rentals/house/3-bedrooms/signal-hill/484170,House,2400,3,1836,2.0,0,0,0,0,0,0,1,7
Jul 01,2022-07-01 00:00:00,Auburn Bay,50.883293,-113.957169,/ab/calgary/rentals/house/3-bedrooms/auburn-bay/pet-friendly/148522,House,2500,3,2120,2.0,2,2,0,0,0,0,0,7
Jul 01,2022-07-01 00:00:00,Britannia,51.013080403298,-114.079972416394,/ab/calgary/rentals/house/3-bedrooms/britannia/98505,House,3200,3,1442,3.0,0,0,0,0,0,0,0,7
Jul 01,2022-07-01 00:00:00,Strathcona Park,51.0510394,-114.1682652,/ab/calgary/rentals/house/3-bedrooms/strathcona-park/323753,House,2195,3,1900,2.0,0,0,0,0,0,0,0,7
Jul 01,2022-07-01 00:00:00,Mount Pleasant,51.0730947,-114.0784114,/ab/calgary/rentals/house/3-bedrooms/mount-pleasant/pet-friendly/444355,House,4000,3,2800,3.0,2,2,0,0,0,0,0,7
Jul 01,2022-07-01 00:00:00,Bridlewood,50.8994553,-114.1011389,/ab/calgary/rentals/house/4-bedrooms/bridlewood/482597,House,2700,4,1700,4.0,0,0,0,0,0,0,0,7
Aug 01,2022-08-01 00:00:00,Auburn Bay,50.8849405,-113.9466754,/ab/calgary/rentals/house/3-bedrooms/auburn-bay/342966,House,1795,3,1500,2.0,0,0,0,0,0,0,0,8
Aug 01,2022-08-01 00:00:00,Arbour Lake,51.13267,-114.19572,/ab/calgary/rentals/house/3-bedrooms/arbour-lake/338700,House,2600,3,2130,3.0,0,0,0,0,0,0,0,8
Aug 01,2022-08-01 00:00:00,Varsity,51.0863378,-114.1616117,/ab/calgary/rentals/house/4-bedrooms/varsity/484148,House,3500,4,2000,2.0,0,0,0,0,0,0,0,8
Sep 02,2022-09-02 00:00:00,Glenbrook,51.0243019,-114.1450768,/ab/calgary/rentals/house/3-bedrooms/glenbrook/436743,House,4500,3,1800,3.0,0,0,0,0,0,0,0,9
call for availability,call for availability,McKenzie Lake,50.9177067,-113.9855265,/ab/calgary/rentals/house/5-bedrooms/mckenzie-lake/pet-friendly/448351,House,3500,5,1850,3.0,2,2,0,0,0,0,0,call for availability
call for availability,call for availability,Bankview,51.0306619,-114.0956833,/ab/calgary/rentals/house/1-bedroom/bankview/pet-friendly/485230,House,1700,1,643,2.0,2,2,0,0,0,0,0,call for availability
call for availability,call for availability,Cranston,50.8831956,-113.9829538,/ab/calgary/rentals/house/3-bedrooms/cranston/pet-friendly/482353,House,3000,3,1989,2.0,2,2,0,0,0,0,0,call for availability
call for availability,call for availability,Livingston,51.1862161,-114.0603292,/ab/calgary/rentals/house/4-bedrooms/livingston/483271,House,2800,4,2700,3.0,0,0,0,0,0,0,0,call for availability
call for availability,call for availability,Panorama Hills,51.169327855904,-114.095750512256,/ab/calgary/rentals/house/4-bedrooms/panorama-hills/pet-friendly/483448,House,4000,4,2000,3.0,2,2,0,0,0,1,1,call for availability
call for availability,call for availability,Tuxedo Park,51.0726578,-114.0555345,/ab/calgary/rentals/house/2-bedrooms/tuxedo-park/480751,House,1850,2,1000,2.0,0,0,1,1,1,0,0,call for availability
call for availability,call for availability,Tuxedo,51.0749616,-114.0640631,/ab/calgary/rentals/house/2-bedrooms/tuxedo/305638,House,1550,2,1400,1.0,0,0,0,0,0,0,0,call for availability
Immediate,2000-01-01 00:00:00,Rundle,51.072554586934,-113.98068964443,/ab/calgary/rentals/townhouse/2-bedrooms/rundle/pet-friendly/354690,Townhouse,1291,2,1136,1.0,2,2,0,0,1,0,0,1
Immediate,2000-01-01 00:00:00,Harvest Hills,51.1539336,-114.0486082,/ab/calgary/rentals/townhouse/2-bedrooms/harvest-hills/485215,Townhouse,2200,2,1246,2.0,0,0,0,0,0,0,0,1
Immediate,2000-01-01 00:00:00,Forest Lawn,51.041508,-113.974117,/ab/calgary/rentals/townhouse/2-bedrooms/forest-lawn/pet-friendly/2245,Townhouse,1199,2,1114,1.0,2,2,0,0,0,0,0,1
Immediate,2000-01-01 00:00:00,Greenwich,51.0855474,-114.2130981,/ab/calgary/rentals/townhouse/2-bedrooms/greenwich/pet-friendly/396039,Townhouse,1800,2,999,3.0,2,0,0,0,0,0,0,1
Immediate,2000-01-01 00:00:00,Highland Park,51.086672,-114.07203,/ab/calgary/rentals/townhouse/2-bedrooms/highland-park/pet-friendly/417750,Townhouse,1245,2,1140,1.0,2,2,0,0,0,0,0,1
Immediate,2000-01-01 00:00:00,Panorama Hills,51.1710495,-114.0726675,/ab/calgary/rentals/townhouse/3-bedrooms/panorama-hills/pet-friendly/485278,Townhouse,2000,3,1215,2.0,2,2,0,0,0,0,0,1
Immediate,2000-01-01 00:00:00,Cranston,50.87561863265,-113.965318227617,/ab/calgary/rentals/townhouse/2-bedrooms/cranston/482539,Townhouse,1650,2,695,1.0,0,0,0,0,0,0,0,1
Immediate,2000-01-01 00:00:00,Auburn Bay,50.8844652,-113.954363,/ab/calgary/rentals/townhouse/2-bedrooms/auburn-bay/485118,Townhouse,1550,2,700,1.0,0,0,0,0,0,0,0,1
Immediate,2000-01-01 00:00:00,Mckenzie Towne,50.915102,-113.962842,/ab/calgary/rentals/townhouse/2-bedrooms/mckenzie-towne/pet-friendly/485114,Townhouse,1950,2,916,1.0,2,2,1,0,1,0,0,1
Immediate,2000-01-01 00:00:00,Beltline,51.0411105,-114.0840527,/ab/calgary/rentals/townhouse/1-bedroom/beltline/22834,Townhouse,1370,1,850,1.0,0,0,0,0,1,0,0,1
Immediate,2000-01-01 00:00:00,Cranston,50.8754752,-113.9653202,/ab/calgary/rentals/townhouse/2-bedrooms/cranston/485046,Townhouse,1595,2,761,1.0,0,0,0,0,0,0,0,1
Immediate,2000-01-01 00:00:00,Mckenzie Towne,50.9119168,-113.9549159,/ab/calgary/rentals/townhouse/3-bedrooms/mckenzie-towne/pet-friendly/462389,Townhouse,2300,3,1162,2.0,2,2,0,0,0,0,0,1
Immediate,2000-01-01 00:00:00,Silverado,50.8800202,-114.072116,/ab/calgary/rentals/townhouse/2-bedrooms/silverado/483981,Townhouse,1987,2,1165,1.0,0,0,0,0,0,0,0,1
Immediate,2000-01-01 00:00:00,Mount Pleasant,51.0776561,-114.0713233,/ab/calgary/rentals/townhouse/2-bedrooms/mount-pleasant/pet-friendly/417834,Townhouse,2500,2,1800,2.0,0,2,0,0,0,0,0,1
Immediate,2000-01-01 00:00:00,Panorama Hills,51.1622701,-114.095118,/ab/calgary/rentals/townhouse/2-bedrooms/panorama-hills/pet-friendly/484933,Townhouse,1700,2,1202,2.0,2,2,0,0,0,0,0,1
Immediate,2000-01-01 00:00:00,Forest Lawn,51.0373919,-113.975345,/ab/calgary/rentals/townhouse/2-bedrooms/forest-lawn/483902,Townhouse,1300,2,1100,1.0,0,0,0,0,0,0,0,1
Immediate,2000-01-01 00:00:00,Huntington Hills,51.1149089,-114.0670823,/ab/calgary/rentals/townhouse/3-bedrooms/huntington-hills/426907,Townhouse,1350,3,1200,1.0,0,0,0,0,0,0,0,1
Immediate,2000-01-01 00:00:00,Dalhousie,51.09992490152,-114.148308906329,/ab/calgary/rentals/townhouse/3-bedrooms/dalhousie/pet-friendly/420265,Townhouse,1500,3,1420,2.0,0,2,0,0,0,0,0,1
Immediate,2000-01-01 00:00:00,South Calgary,51.0282457,-114.1023303,/ab/calgary/rentals/townhouse/2-bedrooms/south-calgary/pet-friendly/484827,Townhouse,4200,2,1500,2.0,2,2,0,0,0,0,0,1
Immediate,2000-01-01 00:00:00,Southwood,50.9513945,-114.084194,/ab/calgary/rentals/townhouse/3-bedrooms/southwood/452516,Townhouse,1400,3,950,1.0,0,0,0,0,0,0,0,1
Immediate,2000-01-01 00:00:00,Cornerstone,51.1508431,-113.9380588,/ab/calgary/rentals/townhouse/3-bedrooms/cornerstone/472280,Townhouse,1800,3,1584,2.0,0,0,0,0,0,0,0,1
Immediate,2000-01-01 00:00:00,Copperfield,50.9249139,-113.932941,/ab/calgary/rentals/townhouse/3-bedrooms/copperfield/pet-friendly/484670,Townhouse,2000,3,1421,3.0,2,0,0,0,0,0,0,1
Immediate,2000-01-01 00:00:00,Mckenzie Towne,50.9129051,-113.9600405,/ab/calgary/rentals/townhouse/3-bedrooms/mckenzie-towne/pet-friendly/484578,Townhouse,1900,3,1280,2.0,0,2,0,0,0,0,0,1
Immediate,2000-01-01 00:00:00,Brentwood,51.0872806,-114.1277962,/ab/calgary/rentals/townhouse/3-bedrooms/brentwood/pet-friendly/150747,Townhouse,3500,3,1660,2.0,2,2,1,0,1,0,0,1
Immediate,2000-01-01 00:00:00,Beltline,51.041748,-114.0844095,/ab/calgary/rentals/townhouse/2-bedrooms/beltline/483216,Townhouse,1900,2,1107,2.0,0,0,0,0,0,0,0,1
Immediate,2000-01-01 00:00:00,Southwood,50.9509412,-114.0805093,/ab/calgary/rentals/townhouse/3-bedrooms/southwood/8765,Townhouse,1350,3,1200,1.0,0,0,0,0,0,0,0,1
Immediate,2000-01-01 00:00:00,Bowness,51.0880121,-114.2032366,/ab/calgary/rentals/townhouse/3-bedrooms/bowness/315323,Townhouse,1100,3,900,1.0,0,0,0,0,0,0,0,1
Immediate,2000-01-01 00:00:00,Temple,51.0916467,-113.9485207,/ab/calgary/rentals/townhouse/3-bedrooms/temple/61831,Townhouse,1400,3,1000,1.0,0,0,0,0,1,0,0,1
Immediate,2000-01-01 00:00:00,Seton,50.87599,-113.94719,/ab/calgary/rentals/townhouse/1-bedroom/seton/484356,Townhouse,2250,1,650,1.0,0,0,1,0,1,0,0,1
Immediate,2000-01-01 00:00:00,Hillhurst,51.0515029,-114.091334,/ab/calgary/rentals/townhouse/4-bedrooms/hillhurst/pet-friendly/378083,Townhouse,3750,4,2400,3.0,2,2,0,0,0,0,0,1
Immediate,2000-01-01 00:00:00,Bridgeland,51.0508307,-114.0468466,/ab/calgary/rentals/townhouse/2-bedrooms/bridgeland/138393,Townhouse,2150,2,1121,2.0,0,0,0,0,0,0,0,1
Immediate,2000-01-01 00:00:00,Livingston,51.184965625902,-114.0740452,/ab/calgary/rentals/townhouse/1-bedroom/livingston/pet-friendly/482132,Townhouse,1245,1,1274,1.0,2,2,0,0,0,0,0,1
Immediate,2000-01-01 00:00:00,West Springs,51.06533821702,-114.215643559525,/ab/calgary/rentals/townhouse/2-bedrooms/west-springs/482709,Townhouse,1800,2,841,2.0,0,0,0,0,0,0,0,1
Immediate,2000-01-01 00:00:00,Renfrew,51.0618515,-114.0423452,/ab/calgary/rentals/townhouse/3-bedrooms/renfrew/pet-friendly/482852,Townhouse,3299,3,1710,2.0,2,2,0,0,0,1,1,1
Immediate,2000-01-01 00:00:00,Beltline,51.0387688,-114.0790789,/ab/calgary/rentals/townhouse/2-bedrooms/beltline/pet-friendly/483788,Townhouse,2500,2,1100,2.0,2,2,1,1,1,0,0,1
Immediate,2000-01-01 00:00:00,Westgate,51.0429532,-114.1356815,/ab/calgary/rentals/townhouse/2-bedrooms/westgate/pet-friendly/86817,Townhouse,2450,2,1434,3.0,2,2,1,0,1,0,0,1
Immediate,2000-01-01 00:00:00,Altadore,51.0229579,-114.1113261,/ab/calgary/rentals/townhouse/3-bedrooms/altadore/pet-friendly/483515,Townhouse,2995,3,1283,1.0,2,2,0,0,0,0,0,1
Immediate,2000-01-01 00:00:00,Forest Lawn,51.0465246,-113.9673816,/ab/calgary/rentals/townhouse/3-bedrooms/forest-lawn/pet-friendly/481451,Townhouse,1300,3,1000,1.0,2,2,0,0,0,0,0,1
Immediate,2000-01-01 00:00:00,Martindale,51.1185601,-113.9480699,/ab/calgary/rentals/townhouse/1-bedroom/martindale/434270,Townhouse,999,1,550,1.0,0,0,0,0,0,0,0,1
Immediate,2000-01-01 00:00:00,Altadore,51.0101178,-114.1104459,/ab/calgary/rentals/townhouse/3-bedrooms/altadore/477743,Townhouse,3495,3,1506,2.0,0,0,0,0,0,0,0,1
Immediate,2000-01-01 00:00:00,Eau Claire,51.053146,-114.0662374,/ab/calgary/rentals/townhouse/2-bedrooms/eau-claire/pet-friendly/481590,Townhouse,3000,2,1270,2.0,2,2,1,0,1,0,0,1
Immediate,2000-01-01 00:00:00,Tuscany,51.1337609,-114.2383045,/ab/calgary/rentals/townhouse/3-bedrooms/tuscany/123838,Townhouse,1800,3,1350,1.0,0,0,0,0,0,0,0,1
Immediate,2000-01-01 00:00:00,Bowness,51.0856511,-114.1929831,/ab/calgary/rentals/townhouse/2-bedrooms/bowness/482721,Townhouse,1100,2,900,1.0,0,0,0,0,0,0,0,1
Immediate,2000-01-01 00:00:00,New Brighton,50.9215974,-113.9336781,/ab/calgary/rentals/townhouse/3-bedrooms/new-brighton/pet-friendly/436108,Townhouse,2400,3,1800,2.0,2,2,0,0,0,0,0,1
Immediate,2000-01-01 00:00:00,Falconridge,51.1066893,-113.9485332,/ab/calgary/rentals/townhouse/3-bedrooms/falconridge/470370,Townhouse,1798,3,980,1.0,0,0,0,0,0,0,0,1
Immediate,2000-01-01 00:00:00,Garrison Green,51.00237,-114.11885,/ab/calgary/rentals/townhouse/1-bedroom/garrison-green/pet-friendly/482257,Townhouse,1500,1,900,1.0,2,2,0,0,0,0,0,1
Immediate,2000-01-01 00:00:00,Sage Hill,51.1824122,-114.1534439,/ab/calgary/rentals/townhouse/2-bedrooms/sage-hill/112163,Townhouse,1595,2,1050,1.0,0,0,0,0,0,0,0,1
Immediate,2000-01-01 00:00:00,Carrington,51.1824936,-114.0899101,/ab/calgary/rentals/townhouse/3-bedrooms/carrington/481987,Townhouse,1900,3,1400,2.0,0,0,0,0,0,0,0,1
Immediate,2000-01-01 00:00:00,Redstone,51.1670812,-113.9633691,/ab/calgary/rentals/townhouse/2-bedrooms/redstone/481179,Townhouse,1800,2,1032,2.0,0,0,0,0,0,0,0,1
Immediate,2000-01-01 00:00:00,Sunnyside,51.0532096,-114.0823729,/ab/calgary/rentals/townhouse/3-bedrooms/sunnyside/pet-friendly/440334,Townhouse,2600,3,1400,2.0,2,2,0,0,0,0,0,1
Immediate,2000-01-01 00:00:00,Wentworth,51.062748999636,-114.220189807593,/ab/calgary/rentals/townhouse/3-bedrooms/wentworth/pet-friendly/11926,Townhouse,2499,3,1450,3.0,2,2,0,0,0,0,0,1
Immediate,2000-01-01 00:00:00,Forest Lawn,51.0438941,-113.9704775,/ab/calgary/rentals/townhouse/2-bedrooms/forest-lawn/90623,Townhouse,1250,2,2000,1.0,0,0,0,0,0,0,0,1
Immediate,2000-01-01 00:00:00,Victoria Park,51.0398526,-114.0665193,/ab/calgary/rentals/apartment/1-bedroom/victoria-park/pet-friendly/368446,Townhouse,2700,1,1269,1.0,2,2,1,0,1,0,0,1
Apr 19,2022-04-19 00:00:00,Rutland Park,51.0149423,-114.139474,/ab/calgary/rentals/townhouse/3-bedrooms/rutland-park/pet-friendly/123452,Townhouse,1550,3,1100,1.0,2,2,0,0,0,0,0,4
Apr 20,2022-04-20 00:00:00,Skyview,51.1601528,-113.965914,/ab/calgary/rentals/townhouse/2-bedrooms/skyview/483346,Townhouse,1675,2,1380,2.0,0,0,0,0,0,0,0,4
Apr 30,2022-04-30 00:00:00,Lynnwood,50.998957,-114.020584,/ab/calgary/rentals/townhouse/2-bedrooms/lynnwood/pet-friendly/29181,Townhouse,1389,2,863,1.0,2,2,0,0,1,0,0,4
May 01,2022-05-01 00:00:00,Mckenzie Towne,50.9051474,-113.9715004,/ab/calgary/rentals/townhouse/2-bedrooms/mckenzie-towne/pet-friendly/485150,Townhouse,2000,2,1165,2.0,2,2,0,0,0,0,0,5
May 01,2022-05-01 00:00:00,Fonda,51.057748686957,-113.9761641021,/ab/calgary/rentals/townhouse/3-bedrooms/fonda/484073,Townhouse,1400,3,995,1.0,0,0,0,0,1,0,0,5
May 01,2022-05-01 00:00:00,Seton,50.8690342,-113.9541478,/ab/calgary/rentals/townhouse/2-bedrooms/seton/pet-friendly/485264,Townhouse,1900,2,1400,2.0,2,2,0,0,0,0,0,5
May 01,2022-05-01 00:00:00,West Springs,51.0656487,-114.2155083,/ab/calgary/rentals/townhouse/2-bedrooms/west-springs/484892,Townhouse,2195,2,1150,3.0,0,0,0,0,0,0,0,5
May 01,2022-05-01 00:00:00,Dalhousie,51.1041106,-114.1548125,/ab/calgary/rentals/townhouse/3-bedrooms/dalhousie/pet-friendly/444273,Townhouse,2200,3,1400,2.0,2,2,0,0,1,1,0,5
May 01,2022-05-01 00:00:00,Falconridge,51.1109246,-113.9469825,/ab/calgary/rentals/townhouse/3-bedrooms/falconridge/485092,Townhouse,1950,3,1365,2.0,0,0,0,0,0,0,0,5
May 01,2022-05-01 00:00:00,Chaparral,50.8804611,-114.0141545,/ab/calgary/rentals/townhouse/3-bedrooms/chaparral/pet-friendly/467111,Townhouse,2300,3,1184,2.0,2,2,0,0,0,0,0,5
May 01,2022-05-01 00:00:00,Seton,50.8783819,-113.9550047,/ab/calgary/rentals/townhouse/1-bedroom/seton/pet-friendly/354504,Townhouse,1200,1,526,1.0,2,2,0,0,0,0,0,5
May 01,2022-05-01 00:00:00,Huntington Hills,51.120576,-114.081713,/ab/calgary/rentals/townhouse/3-bedrooms/huntington-hills/147514,Townhouse,1350,3,1800,1.0,0,0,0,0,0,0,0,5
May 01,2022-05-01 00:00:00,Redstone,51.1676228,-113.9511367,/ab/calgary/rentals/townhouse/3-bedrooms/redstone/485140,Townhouse,2000,3,1394,2.0,0,0,0,0,0,0,0,5
May 01,2022-05-01 00:00:00,Glenbrook,51.019799,-114.153131,/ab/calgary/rentals/townhouse/2-bedrooms/glenbrook/327592,Townhouse,1300,2,860,1.0,0,0,1,0,1,0,0,5
May 01,2022-05-01 00:00:00,Beddington,51.1333277,-114.0757611,/ab/calgary/rentals/townhouse/3-bedrooms/beddington/pet-friendly/485043,Townhouse,2200,3,1284,2.0,2,2,0,0,0,0,0,5
May 01,2022-05-01 00:00:00,Bridgeland,51.0552287,-114.0492659,/ab/calgary/rentals/townhouse/2-bedrooms/bridgeland/pet-friendly/485107,Townhouse,2200,2,1156,2.0,2,0,0,0,0,0,0,5
May 01,2022-05-01 00:00:00,Windsor Park,50.9921149,-114.0742309,/ab/calgary/rentals/townhouse/3-bedrooms/windsor-park/pet-friendly/469658,Townhouse,2575,3,1218,2.0,2,2,0,0,0,0,0,5
May 01,2022-05-01 00:00:00,Martindale,51.1012435,-113.9376641,/ab/calgary/rentals/townhouse/3-bedrooms/martindale/485097,Townhouse,1950,3,1362,2.0,0,0,0,0,0,0,0,5
May 01,2022-05-01 00:00:00,Skyview,51.1549448,-113.9533942,/ab/calgary/rentals/townhouse/3-bedrooms/skyview/484362,Townhouse,2100,3,1272,3.0,0,0,0,0,0,0,0,5
May 01,2022-05-01 00:00:00,Richmond/Knob Hill,51.0274427,-114.1161799,/ab/calgary/rentals/townhouse/4-bedrooms/richmond-knob-hill/pet-friendly/484908,Townhouse,4250,4,3580,4.0,2,2,0,0,0,0,0,5
May 01,2022-05-01 00:00:00,Banff Trail,51.0725454,-114.1065658,/ab/calgary/rentals/townhouse/3-bedrooms/banff-trail/pet-friendly/428356,Townhouse,2500,3,1650,2.0,0,2,0,0,0,0,0,5
May 01,2022-05-01 00:00:00,Huntington Hills,51.1196303,-114.0836914,/ab/calgary/rentals/townhouse/2-bedrooms/huntington-hills/482516,Townhouse,1299,2,859,1.0,0,0,0,0,0,0,0,5
May 01,2022-05-01 00:00:00,Lynnwood,50.9988961,-114.0218702,/ab/calgary/rentals/townhouse/3-bedrooms/lynnwood/446380,Townhouse,1450,3,1075,1.0,0,0,0,0,1,0,0,5
May 01,2022-05-01 00:00:00,West Springs,51.060361693996,-114.208375835929,/ab/calgary/rentals/townhouse/2-bedrooms/west-springs/pet-friendly/120300,Townhouse,2450,2,1450,2.0,0,2,0,0,0,0,0,5
May 01,2022-05-01 00:00:00,Nolan Hill,51.1740584,-114.1687149,/ab/calgary/rentals/townhouse/2-bedrooms/nolan-hill/483864,Townhouse,2000,2,1300,2.0,0,0,0,0,0,0,0,5
May 01,2022-05-01 00:00:00,Southwood,50.951261718208,-114.082798809509,/ab/calgary/rentals/townhouse/3-bedrooms/southwood/6288,Townhouse,1495,3,2000,1.0,0,0,0,0,0,0,0,5
May 01,2022-05-01 00:00:00,Rundle,51.0807348,-113.9796062,/ab/calgary/rentals/townhouse/3-bedrooms/rundle/19035,Townhouse,1400,3,1250,1.0,0,0,0,0,0,0,0,5
May 01,2022-05-01 00:00:00,Tuscany,51.12585,-114.24578,/ab/calgary/rentals/townhouse/2-bedrooms/tuscany/78197,Townhouse,1695,2,1203,2.0,0,0,0,0,0,0,0,5
May 01,2022-05-01 00:00:00,Redstone,51.1672199,-113.9627347,/ab/calgary/rentals/townhouse/1-bedroom/redstone/483721,Townhouse,1150,1,500,1.0,0,0,0,0,0,0,0,5
May 01,2022-05-01 00:00:00,Monterey Park,51.0845431,-113.9305347,/ab/calgary/rentals/townhouse/3-bedrooms/monterey-park/pet-friendly/444720,Townhouse,1415,3,1240,2.0,2,2,0,0,0,0,0,5
May 01,2022-05-01 00:00:00,Bankview,51.0312032,-114.1070576,/ab/calgary/rentals/townhouse/2-bedrooms/bankview/435237,Townhouse,2100,2,1050,2.0,0,0,0,0,1,0,1,5
May 01,2022-05-01 00:00:00,Beltline,51.041475534619,-114.084427361377,/ab/calgary/rentals/townhouse/2-bedrooms/beltline/396627,Townhouse,1950,2,1221,2.0,0,0,0,0,0,0,0,5
May 01,2022-05-01 00:00:00,Glamorgan,51.0172138,-114.1568421,/ab/calgary/rentals/townhouse/2-bedrooms/glamorgan/pet-friendly/483572,Townhouse,1795,2,1100,1.0,2,0,0,0,0,0,0,5
May 01,2022-05-01 00:00:00,Panorama Hills,51.1709718,-114.0741234,/ab/calgary/rentals/townhouse/3-bedrooms/panorama-hills/483429,Townhouse,2100,3,1450,2.0,0,0,0,0,0,0,0,5
May 01,2022-05-01 00:00:00,Kelvin Grove,50.9921846,-114.0835992,/ab/calgary/rentals/townhouse/2-bedrooms/kelvin-grove/pet-friendly/483288,Townhouse,1800,2,1001,1.0,2,0,1,0,1,0,0,5
May 01,2022-05-01 00:00:00,Crescent Heights,51.0578331,-114.0571142,/ab/calgary/rentals/townhouse/3-bedrooms/crescent-heights/pet-friendly/483292,Townhouse,3250,3,1800,3.0,2,2,0,0,0,0,0,5
May 01,2022-05-01 00:00:00,Bowness,51.0804852,-114.1766736,/ab/calgary/rentals/townhouse/3-bedrooms/bowness/429283,Townhouse,1900,3,1150,2.0,0,0,0,0,0,0,0,5
May 01,2022-05-01 00:00:00,Seton,50.876667848031,-113.950348527864,/ab/calgary/rentals/townhouse/2-bedrooms/seton/453787,Townhouse,1850,2,1207,2.0,0,0,0,0,0,0,0,5
May 01,2022-05-01 00:00:00,Cityscape,51.1486191,-113.9671637,/ab/calgary/rentals/townhouse/2-bedrooms/cityscape/pet-friendly/146570,Townhouse,1600,2,1300,1.0,2,2,0,0,0,0,0,5
May 15,2022-05-15 00:00:00,Panorama Hills,51.1674712,-114.0699831,/ab/calgary/rentals/townhouse/2-bedrooms/panorama-hills/485227,Townhouse,1800,2,1150,2.0,0,0,0,0,0,0,0,5
May 15,2022-05-15 00:00:00,Panorama Hills,51.1697359,-114.0708562,/ab/calgary/rentals/apartment/1-bedroom/panorama-hills/pet-friendly/466353,Townhouse,1849,2,1039,2.0,2,2,0,0,0,1,1,5
May 15,2022-05-15 00:00:00,Panorama Hills,51.169495,-114.0708119,/ab/calgary/rentals/townhouse/3-bedrooms/panorama-hills/pet-friendly/484418,Townhouse,2249,3,1425,3.0,2,2,0,0,0,1,1,5
May 15,2022-05-15 00:00:00,New Brighton,50.9153398,-113.9531487,/ab/calgary/rentals/townhouse/2-bedrooms/new-brighton/484160,Townhouse,1800,2,1150,2.0,0,0,0,0,0,0,0,5
May 16,2022-05-16 00:00:00,Oakridge,50.9655255,-114.1189192,/ab/calgary/rentals/townhouse/3-bedrooms/oakridge/pet-friendly/388309,Townhouse,1600,3,1100,1.0,2,2,0,0,0,0,0,5
May 20,2022-05-20 00:00:00,Sage Hill,51.1824314,-114.1517575,/ab/calgary/rentals/townhouse/2-bedrooms/sage-hill/pet-friendly/484866,Townhouse,1700,2,832,1.0,2,2,0,0,0,0,0,5
May 31,2022-05-31 00:00:00,Thorncliffe,51.10882,-114.061987,/ab/calgary/rentals/townhouse/2-bedrooms/thorncliffe/pet-friendly/27543,Townhouse,1529,2,776,1.0,2,2,1,0,1,0,0,5
Jun 01,2022-06-01 00:00:00,West Springs,51.0668138,-114.1897584,/ab/calgary/rentals/townhouse/2-bedrooms/west-springs/pet-friendly/484844,Townhouse,2200,2,1500,2.0,0,2,0,0,0,0,0,6
Jun 01,2022-06-01 00:00:00,Shawnee Slopes,50.9220088,-114.0754262,/ab/calgary/rentals/townhouse/2-bedrooms/shawnee-slopes/347344,Townhouse,2295,2,1400,2.0,0,0,1,1,1,0,0,6
Jun 01,2022-06-01 00:00:00,South Calgary,51.023037197046,-114.110686349074,/ab/calgary/rentals/townhouse/4-bedrooms/south-calgary/pet-friendly/302185,Townhouse,2700,4,1275,2.0,2,2,0,0,0,0,0,6
Jun 01,2022-06-01 00:00:00,Skyview,51.1627149,-113.9547848,/ab/calgary/rentals/townhouse/2-bedrooms/skyview/pet-friendly/301626,Townhouse,1750,2,1347,2.0,2,2,0,0,0,0,0,6
Jun 01,2022-06-01 00:00:00,New Brighton,50.927681161799,-113.955796100586,/ab/calgary/rentals/townhouse/2-bedrooms/new-brighton/86041,Townhouse,1950,2,1145,2.0,0,0,0,0,0,0,0,6
Jun 01,2022-06-01 00:00:00,Auburn Bay,50.8856092,-113.9517544,/ab/calgary/rentals/townhouse/2-bedrooms/auburn-bay/pet-friendly/484811,Townhouse,1950,2,1122,2.0,2,2,0,0,0,0,0,6
Jun 01,2022-06-01 00:00:00,Coach Hill,51.062326,-114.187651,/ab/calgary/rentals/townhouse/2-bedrooms/coach-hill/107009,Townhouse,1795,2,1335,1.0,0,0,0,0,0,0,0,6
Jun 01,2022-06-01 00:00:00,Panorama Hills,51.1676239,-114.0701854,/ab/calgary/rentals/townhouse/2-bedrooms/panorama-hills/pet-friendly/115096,Townhouse,1780,2,1250,2.0,2,0,0,0,0,0,0,6
Jun 01,2022-06-01 00:00:00,Wentworth,51.063022546104,-114.213591092065,/ab/calgary/rentals/townhouse/3-bedrooms/wentworth/pet-friendly/144342,Townhouse,2500,3,1600,2.0,0,2,0,0,0,0,0,6
Jun 01,2022-06-01 00:00:00,Glamorgan,51.01147,-114.15298,/ab/calgary/rentals/townhouse/2-bedrooms/glamorgan/58396,Townhouse,1465,2,1200,1.0,0,0,0,0,0,0,0,6
Jun 01,2022-06-01 00:00:00,Royal Oak,51.138166014208,-114.233291242314,/ab/calgary/rentals/townhouse/2-bedrooms/royal-oak/109170,Townhouse,1700,2,1290,3.0,0,0,0,0,0,0,0,6
Jun 01,2022-06-01 00:00:00,Auburn Bay,50.8856599,-113.9515533,/ab/calgary/rentals/townhouse/2-bedrooms/auburn-bay/pet-friendly/120221,Townhouse,1850,2,1122,2.0,0,2,0,0,0,0,0,6
Jun 01,2022-06-01 00:00:00,Capitol Hill,51.0734729,-114.0936291,/ab/calgary/rentals/townhouse/3-bedrooms/capitol-hill/pet-friendly/469604,Townhouse,2925,3,1462,2.0,2,2,0,0,0,0,0,6
Jun 01,2022-06-01 00:00:00,Rosscarrock,51.0449256,-114.1445476,/ab/calgary/rentals/townhouse/2-bedrooms/rosscarrock/pet-friendly/402213,Townhouse,2550,2,1228,2.0,2,2,0,0,0,0,0,6
Jun 01,2022-06-01 00:00:00,Springbank Hill,51.02649,-114.2104033,/ab/calgary/rentals/townhouse/3-bedrooms/springbank-hill/pet-friendly/484610,Townhouse,3700,3,1550,2.0,2,2,1,1,1,0,1,6
Jun 01,2022-06-01 00:00:00,Evanston,51.172495,-114.1205668,/ab/calgary/rentals/townhouse/3-bedrooms/evanston/484946,Townhouse,2095,3,1443,2.0,0,0,0,0,0,0,0,6
Jun 01,2022-06-01 00:00:00,Walden,50.8678039,-114.0303266,/ab/calgary/rentals/townhouse/2-bedrooms/walden/408872,Townhouse,1695,2,1135,2.0,0,0,0,0,0,0,0,6
Jun 01,2022-06-01 00:00:00,Nolan Hill,51.18224,-114.16735,/ab/calgary/rentals/townhouse/3-bedrooms/nolan-hill/pet-friendly/397598,Townhouse,2200,3,1650,2.0,0,2,0,0,0,0,0,6
Jun 01,2022-06-01 00:00:00,Cranston,50.8787533,-113.97476,/ab/calgary/rentals/townhouse/2-bedrooms/cranston/pet-friendly/317621,Townhouse,1600,2,720,1.0,2,2,0,0,0,0,0,6
Jun 01,2022-06-01 00:00:00,Panorama Hills,51.171694,-114.0733027,/ab/calgary/rentals/townhouse/3-bedrooms/panorama-hills/318999,Townhouse,1950,3,1192,2.0,0,0,0,0,0,0,0,6
Jun 01,2022-06-01 00:00:00,Point McKay,51.06009,-114.14554,/ab/calgary/rentals/townhouse/2-bedrooms/point-mckay/98189,Townhouse,2100,2,1250,1.0,0,0,0,0,1,0,0,6
Jun 01,2022-06-01 00:00:00,Palliser,50.968802154227,-114.119020317383,/ab/calgary/rentals/townhouse/3-bedrooms/palliser/pet-friendly/93998,Townhouse,1600,3,1100,1.0,2,2,0,0,0,0,0,6
Jun 01,2022-06-01 00:00:00,Mahogany,50.8912424,-113.940264,/ab/calgary/rentals/townhouse/3-bedrooms/mahogany/pet-friendly/484116,Townhouse,2400,3,1209,2.0,2,2,0,0,0,0,0,6
Jun 01,2022-06-01 00:00:00,Walden,50.8753373,-114.0353821,/ab/calgary/rentals/townhouse/4-bedrooms/walden/118744,Townhouse,2050,4,1283,3.0,0,0,0,0,0,0,0,6
Jun 01,2022-06-01 00:00:00,Sunalta,51.0412004,-114.0977351,/ab/calgary/rentals/townhouse/2-bedrooms/sunalta/pet-friendly/484282,Townhouse,2400,2,1184,2.0,2,2,1,0,0,0,0,6
Jun 01,2022-06-01 00:00:00,Oakridge,50.96899475974,-114.12395621164,/ab/calgary/rentals/townhouse/3-bedrooms/oakridge/pet-friendly/404538,Townhouse,1600,3,1150,1.0,2,2,0,0,0,0,0,6
Jun 01,2022-06-01 00:00:00,West Dover,51.0294853,-113.9932901,/ab/calgary/rentals/townhouse/3-bedrooms/west-dover/pet-friendly/455965,Townhouse,1700,3,1274,2.0,0,2,0,0,0,0,0,6
Jun 01,2022-06-01 00:00:00,Coventry Hills,51.172901,-114.0493023,/ab/calgary/rentals/townhouse/2-bedrooms/coventry-hills/pet-friendly/384896,Townhouse,2100,2,1200,2.0,0,2,0,0,0,0,0,6
Jun 01,2022-06-01 00:00:00,Panorama Hills,51.1712879,-114.0735102,/ab/calgary/rentals/townhouse/3-bedrooms/panorama-hills/378304,Townhouse,1795,3,1415,2.0,0,0,0,0,0,0,0,6
Jun 01,2022-06-01 00:00:00,Killarney,51.028515,-114.1259429,/ab/calgary/rentals/townhouse/3-bedrooms/killarney/pet-friendly/484295,Townhouse,2350,3,1441,2.0,2,2,0,0,0,0,0,6
Jun 01,2022-06-01 00:00:00,Aspen Woods,51.041586817105,-114.222624412842,/ab/calgary/rentals/townhouse/2-bedrooms/aspen-woods/66057,Townhouse,2400,2,1203,2.0,0,0,0,0,0,0,0,6
Jun 01,2022-06-01 00:00:00,University District,51.0811931,-114.1459519,/ab/calgary/rentals/townhouse/2-bedrooms/university-district/484155,Townhouse,3300,2,1591,2.0,0,0,0,0,0,0,0,6
Jun 01,2022-06-01 00:00:00,Sage Hill,51.1785498,-114.1389725,/ab/calgary/rentals/townhouse/2-bedrooms/sage-hill/464936,Townhouse,1900,2,1129,2.0,0,0,0,0,0,0,0,6
Jun 01,2022-06-01 00:00:00,Cranston,50.8714465,-113.9822219,/ab/calgary/rentals/townhouse/3-bedrooms/cranston/pet-friendly/433005,Townhouse,3000,3,1559,2.0,2,2,0,0,0,0,0,6
Jun 01,2022-06-01 00:00:00,Mahogany,50.9021973,-113.9238031,/ab/calgary/rentals/townhouse/3-bedrooms/mahogany/pet-friendly/454001,Townhouse,2500,3,1650,2.0,0,2,0,0,0,0,0,6
Jun 04,2022-06-04 00:00:00,Auburn Bay,50.8961864,-113.9469201,/ab/calgary/rentals/townhouse/2-bedrooms/auburn-bay/pet-friendly/119660,Townhouse,1675,2,812,1.0,2,2,0,0,0,0,0,6
Jun 15,2022-06-15 00:00:00,Fonda,51.0500666,-113.9846722,/ab/calgary/rentals/townhouse/3-bedrooms/fonda/pet-friendly/150975,Townhouse,1709,3,1045,1.0,2,2,1,0,1,0,0,6
Jun 15,2022-06-15 00:00:00,Citadel,51.1484015,-114.1890767,/ab/calgary/rentals/townhouse/3-bedrooms/citadel/465558,Townhouse,2190,3,1500,3.0,0,0,0,0,0,0,0,6
Jun 15,2022-06-15 00:00:00,Copperfield,50.9137935,-113.916513,/ab/calgary/rentals/townhouse/2-bedrooms/copperfield/pet-friendly/484825,Townhouse,2300,2,1350,2.0,2,2,0,0,0,0,0,6
Jun 15,2022-06-15 00:00:00,Crescent Heights,51.0641852,-114.0614437,/ab/calgary/rentals/townhouse/2-bedrooms/crescent-heights/pet-friendly/484510,Townhouse,1695,2,950,1.0,2,0,0,0,1,0,0,6
Jun 15,2022-06-15 00:00:00,Crescent Heights,51.0641852,-114.0614437,/ab/calgary/rentals/townhouse/2-bedrooms/crescent-heights/pet-friendly/20067,Townhouse,1795,2,950,1.0,2,0,0,0,1,0,0,6
Jun 16,2022-06-16 00:00:00,University District,51.080251347374,-114.145793678451,/ab/calgary/rentals/townhouse/2-bedrooms/university-district/346710,Townhouse,3350,2,1367,2.0,0,0,0,0,0,1,1,6
Jul 01,2022-07-01 00:00:00,Lakeview,50.995101056062,-114.128127670361,/ab/calgary/rentals/townhouse/2-bedrooms/lakeview/pet-friendly/66428,Townhouse,3000,2,1400,1.0,0,2,1,0,1,0,0,7
Jul 10,2022-07-10 00:00:00,Kingsland,50.987127,-114.0744731,/ab/calgary/rentals/townhouse/3-bedrooms/kingsland/pet-friendly/446048,Townhouse,2200,3,1700,2.0,2,2,0,0,0,0,0,7
call for availability,call for availability,Sage Hill,51.1752944,-114.1556558,/ab/calgary/rentals/townhouse/3-bedrooms/sage-hill/485093,Townhouse,2095,3,1130,2.0,0,0,0,0,0,0,0,call for availability
call for availability,call for availability,New Brighton,50.9211587,-113.9342886,/ab/calgary/rentals/townhouse/2-bedrooms/new-brighton/pet-friendly/470777,Townhouse,1850,2,1076,2.0,2,2,0,0,0,0,0,call for availability
call for availability,call for availability,Dalhousie,51.105631410141,-114.13927079895,/ab/calgary/rentals/apartment/2-bedrooms/dalhousie/pet-friendly/304565,Townhouse,1470,2,1145,1.0,2,2,0,0,0,0,0,call for availability
call for availability,call for availability,Pineridge,51.073261,-113.943565,/ab/calgary/rentals/townhouse/2-bedrooms/pineridge/465736,Townhouse,1100,2,900,1.0,0,0,0,0,0,0,0,call for availability
call for availability,call for availability,Windsor Park,51.00805,-114.081114,/ab/calgary/rentals/apartment/1-bedroom/windsor-park/pet-friendly/387408,Townhouse,,2,1230,2.0,2,2,0,0,0,0,0,call for availability
call for availability,call for availability,Springbank Hill,51.0263635,-114.2093598,/ab/calgary/rentals/apartment/1-bedroom/springbank-hill/472610,Townhouse,,2,1478,2.0,0,0,1,1,1,0,0,call for availability
call for availability,call for availability,West Springs,51.064735378703,-114.209955114017,/ab/calgary/rentals/apartment/1-bedroom/west-springs/pet-friendly/407788,Townhouse,,3,2020,3.0,2,2,1,0,1,0,0,call for availability
call for availability,call for availability,Beltline,51.0422674,-114.0845042,/ab/calgary/rentals/apartment/1-bedroom/beltline/pet-friendly/139573,Townhouse,,2,896,1.0,2,2,1,0,1,0,0,call for availability
call for availability,call for availability,Albert Park,51.0403688,-113.9950818,/ab/calgary/rentals/townhouse/2-bedrooms/albert-park/138090,Townhouse,,2,2000,1.0,0,0,0,0,0,0,0,call for availability
call for availability,call for availability,Banff Trail,51.0721049,-114.1066602,/ab/calgary/rentals/townhouse/2-bedrooms/banff-trail/pet-friendly/478538,Townhouse,,2,1215,2.0,0,2,0,0,0,0,0,call for availability
call for availability,call for availability,Beddington,51.1264745,-114.0652347,/ab/calgary/rentals/townhouse/2-bedrooms/beddington/291864,Townhouse,,2,1069,1.0,0,0,0,0,1,0,0,call for availability
call for availability,call for availability,Deer Run,50.9325176,-114.0094632,/ab/calgary/rentals/townhouse/2-bedrooms/deer-run/pet-friendly/468180,Townhouse,,2,1100,1.0,2,0,0,0,1,0,0,call for availability
call for availability,call for availability,Sunnyside,51.0554614,-114.0849444,/ab/calgary/rentals/apartment/1-bedroom/sunnyside/138448,Townhouse,,1,750,1.0,0,0,0,0,1,0,0,call for availability
Immediate,2000-01-01 00:00:00,South Calgary,51.0242067,-114.1137223,/ab/calgary/rentals/apartment/1-bedroom/south-calgary/pet-friendly/454527,Loft,2318,1,900,2.0,2,2,1,0,1,0,0,1
Immediate,2000-01-01 00:00:00,Rundle,51.072554586934,-113.98068964443,/ab/calgary/rentals/townhouse/2-bedrooms/rundle/pet-friendly/354690,Townhouse,1491,3,989,,2,2,0,0,1,0,0,1
Immediate,2000-01-01 00:00:00,Forest Lawn,51.041508,-113.974117,/ab/calgary/rentals/townhouse/2-bedrooms/forest-lawn/pet-friendly/2245,Townhouse,1425,3,904,,2,2,0,0,0,0,0,1
Immediate,2000-01-01 00:00:00,Highland Park,51.086672,-114.07203,/ab/calgary/rentals/townhouse/2-bedrooms/highland-park/pet-friendly/417750,Townhouse,1375,3,910,,2,2,0,0,0,0,0,1
Immediate,2000-01-01 00:00:00,Livingston,51.184965625902,-114.0740452,/ab/calgary/rentals/townhouse/1-bedroom/livingston/pet-friendly/482132,Townhouse,2300,3,505,2.0,2,2,0,0,0,0,0,1
Immediate,2000-01-01 00:00:00,Glamorgan,51.0090517,-114.1471821,/ab/calgary/rentals/townhouse/3-bedrooms/glamorgan/49433,Townhouse,1395,0,1200,,0,0,0,0,0,0,0,1
Immediate,2000-01-01 00:00:00,Victoria Park,51.0398526,-114.0665193,/ab/calgary/rentals/apartment/1-bedroom/victoria-park/pet-friendly/368446,Townhouse,2800,0,1491,2.0,2,2,1,0,1,0,0,1
May 15,2022-05-15 00:00:00,Panorama Hills,51.1697359,-114.0708562,/ab/calgary/rentals/apartment/1-bedroom/panorama-hills/pet-friendly/466353,Townhouse,2449,3,1608,3.0,2,2,0,0,0,1,1,5
May 31,2022-05-31 00:00:00,Thorncliffe,51.10882,-114.061987,/ab/calgary/rentals/townhouse/2-bedrooms/thorncliffe/pet-friendly/27543,Townhouse,1709,3,982,,2,2,1,0,1,0,0,5
Jun 01,2022-06-01 00:00:00,Capitol Hill,51.0734729,-114.0936291,/ab/calgary/rentals/townhouse/3-bedrooms/capitol-hill/pet-friendly/469604,Townhouse,3650,0,1502,3.0,2,2,0,0,0,0,0,6
call for availability,call for availability,Springbank Hill,51.0263635,-114.2093598,/ab/calgary/rentals/apartment/1-bedroom/springbank-hill/472610,Townhouse,,3,1678,2.0,0,0,1,1,1,0,0,call for availability
call for availability,call for availability,Bridgeland,51.0557629,-114.0516644,/ab/calgary/rentals/apartment/2-bedrooms/bridgeland/pet-friendly/359534,Townhouse,,0,2000,,2,2,1,0,1,1,1,call for availability
call for availability,call for availability,Albert Park,51.0403688,-113.9950818,/ab/calgary/rentals/townhouse/2-bedrooms/albert-park/138090,Townhouse,,3,1100,,0,0,0,0,0,0,0,call for availability
call for availability,call for availability,Banff Trail,51.0721049,-114.1066602,/ab/calgary/rentals/townhouse/2-bedrooms/banff-trail/pet-friendly/478538,Townhouse,,3,1504,,0,2,0,0,0,0,0,call for availability
call for availability,call for availability,Beddington,51.1264745,-114.0652347,/ab/calgary/rentals/townhouse/2-bedrooms/beddington/291864,Townhouse,,3,980,1.0,0,0,0,0,1,0,0,call for availability
call for availability,call for availability,Deer Run,50.9325176,-114.0094632,/ab/calgary/rentals/townhouse/2-bedrooms/deer-run/pet-friendly/468180,Townhouse,,3,970,,2,0,0,0,1,0,0,call for availability
